BASKET_ITEM;YEAR;PRICE_INDEX
CC13-01;2016;92,1
CC13-01;2017;94,6
CC13-01;2018;96,8
CC13-01;2019;97,9
CC13-01;2020;100,0
CC13-01;2021;103,1
CC13-01;2022;116,0
CC13-01;2023;130,3
CC13-011;2016;91,5
CC13-011;2017;94,2
CC13-011;2018;96,4
CC13-011;2019;97,8
CC13-011;2020;100,0
CC13-011;2021;103,1
CC13-011;2022;116,9
CC13-011;2023;131,4
CC13-0111;2016;95,4
CC13-0111;2017;95,7
CC13-0111;2018;97,0
CC13-0111;2019;99,2
CC13-0111;2020;100,0
CC13-0111;2021;103,3
CC13-0111;2022;116,8
CC13-0111;2023;135,9
CC13-01111;2016;92,1
CC13-01111;2017;92,8
CC13-01111;2018;95,0
CC13-01111;2019;98,7
CC13-01111;2020;100,0
CC13-01111;2021;102,6
CC13-01111;2022;115,7
CC13-01111;2023;135,5
CC13-01112;2016;95,7
CC13-01112;2017;94,2
CC13-01112;2018;95,9
CC13-01112;2019;100,2
CC13-01112;2020;100,0
CC13-01112;2021;104,1
CC13-01112;2022;134,2
CC13-01112;2023;157,6
CC13-01113;2016;93,7
CC13-01113;2017;94,7
CC13-01113;2018;95,8
CC13-01113;2019;98,6
CC13-01113;2020;100,0
CC13-01113;2021;103,8
CC13-01113;2022;117,8
CC13-01113;2023;132,5
CC13-01114;2016;94,6
CC13-01114;2017;95,1
CC13-01114;2018;97,1
CC13-01114;2019;99,6
CC13-01114;2020;100,0
CC13-01114;2021;103,6
CC13-01114;2022;115,7
CC13-01114;2023;140,6
CC13-01115;2016;102,0
CC13-01115;2017;101,0
CC13-01115;2018;101,7
CC13-01115;2019;101,1
CC13-01115;2020;100,0
CC13-01115;2021;101,8
CC13-01115;2022;113,5
CC13-01115;2023;136,1
CC13-01116;2016;99,6
CC13-01116;2017;97,4
CC13-01116;2018;98,0
CC13-01116;2019;98,8
CC13-01116;2020;100,0
CC13-01116;2021;102,3
CC13-01116;2022;122,5
CC13-01116;2023;144,9
CC13-01117;2016;96,9
CC13-01117;2017;97,7
CC13-01117;2018;97,9
CC13-01117;2019;99,8
CC13-01117;2020;100,0
CC13-01117;2021;102,5
CC13-01117;2022;111,5
CC13-01117;2023;131,4
CC13-01118;2016;104,4
CC13-01118;2017;102,8
CC13-01118;2018;101,0
CC13-01118;2019;100,6
CC13-01118;2020;100,0
CC13-01118;2021;100,7
CC13-01118;2022;106,1
CC13-01118;2023;114,6
CC13-0112;2016;88,1
CC13-0112;2017;90,0
CC13-0112;2018;91,6
CC13-0112;2019;94,3
CC13-0112;2020;100,0
CC13-0112;2021;102,8
CC13-0112;2022;117,7
CC13-0112;2023;127,5
CC13-01121;2016;93,0
CC13-01121;2017;94,2
CC13-01121;2018;96,9
CC13-01121;2019;98,6
CC13-01121;2020;100,0
CC13-01121;2021;103,2
CC13-01121;2022;123,0
CC13-01121;2023;129,7
CC13-01122;2016;85,7
CC13-01122;2017;88,1
CC13-01122;2018;88,9
CC13-01122;2019;91,9
CC13-01122;2020;100,0
CC13-01122;2021;102,5
CC13-01122;2022;119,6
CC13-01122;2023;127,9
CC13-01123;2016;89,3
CC13-01123;2017;92,5
CC13-01123;2018;95,9
CC13-01123;2019;99,3
CC13-01123;2020;100,0
CC13-01123;2021;103,8
CC13-01123;2022;119,8
CC13-01123;2023;128,9
CC13-01124;2016;94,3
CC13-01124;2017;94,7
CC13-01124;2018;95,9
CC13-01124;2019;98,6
CC13-01124;2020;100,0
CC13-01124;2021;104,9
CC13-01124;2022;128,9
CC13-01124;2023;142,5
CC13-01125;2016;91,0
CC13-01125;2017;94,0
CC13-01125;2018;97,7
CC13-01125;2019;99,6
CC13-01125;2020;100,0
CC13-01125;2021;102,1
CC13-01125;2022;106,0
CC13-01125;2023;119,4
CC13-01126;2016;91,7
CC13-01126;2017;94,4
CC13-01126;2018;97,3
CC13-01126;2019;98,8
CC13-01126;2020;100,0
CC13-01126;2021;102,0
CC13-01126;2022;109,4
CC13-01126;2023;117,5
CC13-01127;2016;85,8
CC13-01127;2017;88,1
CC13-01127;2018;89,7
CC13-01127;2019;92,8
CC13-01127;2020;100,0
CC13-01127;2021;102,0
CC13-01127;2022;113,7
CC13-01127;2023;123,8
CC13-01128;2016;88,1
CC13-01128;2017;89,7
CC13-01128;2018;91,2
CC13-01128;2019;93,7
CC13-01128;2020;100,0
CC13-01128;2021;103,0
CC13-01128;2022;116,1
CC13-01128;2023;126,4
CC13-0113;2016;91,7
CC13-0113;2017;95,0
CC13-0113;2018;96,2
CC13-0113;2019;99,2
CC13-0113;2020;100,0
CC13-0113;2021;102,0
CC13-0113;2022;112,6
CC13-0113;2023;129,1
CC13-01131;2016;89,9
CC13-01131;2017;93,0
CC13-01131;2018;93,5
CC13-01131;2019;97,2
CC13-01131;2020;100,0
CC13-01131;2021;103,4
CC13-01131;2022;117,5
CC13-01131;2023;128,9
CC13-01132;2016;89,7
CC13-01132;2017;89,4
CC13-01132;2018;90,9
CC13-01132;2019;97,0
CC13-01132;2020;100,0
CC13-01132;2021;101,7
CC13-01132;2022;112,6
CC13-01132;2023;134,4
CC13-01133;2016;94,8
CC13-01133;2017;98,9
CC13-01133;2018;99,6
CC13-01133;2019;100,1
CC13-01133;2020;100,0
CC13-01133;2021;101,4
CC13-01133;2022;106,9
CC13-01133;2023;113,8
CC13-01134;2016;96,5
CC13-01134;2017;99,4
CC13-01134;2018;100,8
CC13-01134;2019;101,1
CC13-01134;2020;100,0
CC13-01134;2021;99,7
CC13-01134;2022;102,0
CC13-01134;2023;107,6
CC13-01135;2016;90,8
CC13-01135;2017;99,8
CC13-01135;2018;102,2
CC13-01135;2019;100,1
CC13-01135;2020;100,0
CC13-01135;2021;98,3
CC13-01135;2022;111,1
CC13-01135;2023;125,6
CC13-01136;2016;91,7
CC13-01136;2017;93,6
CC13-01136;2018;94,8
CC13-01136;2019;99,6
CC13-01136;2020;100,0
CC13-01136;2021;103,1
CC13-01136;2022;114,2
CC13-01136;2023;133,0
CC13-0114;2016;87,4
CC13-0114;2017;94,5
CC13-0114;2018;99,4
CC13-0114;2019;99,2
CC13-0114;2020;100,0
CC13-0114;2021;103,9
CC13-0114;2022;124,2
CC13-0114;2023;143,7
CC13-01141;2016;78,8
CC13-01141;2017;92,1
CC13-01141;2018;97,1
CC13-01141;2019;96,2
CC13-01141;2020;100,0
CC13-01141;2021;104,0
CC13-01141;2022;124,8
CC13-01141;2023;136,3
CC13-01142;2016;79,2
CC13-01142;2017;92,5
CC13-01142;2018;96,0
CC13-01142;2019;95,2
CC13-01142;2020;100,0
CC13-01142;2021;104,8
CC13-01142;2022;127,8
CC13-01142;2023;142,1
CC13-01143;2016;82,6
CC13-01143;2017;92,9
CC13-01143;2018;97,9
CC13-01143;2019;98,2
CC13-01143;2020;100,0
CC13-01143;2021;103,4
CC13-01143;2022;128,9
CC13-01143;2023;159,9
CC13-01144;2016;93,4
CC13-01144;2017;97,2
CC13-01144;2018;100,2
CC13-01144;2019;100,9
CC13-01144;2020;100,0
CC13-01144;2021;101,6
CC13-01144;2022;117,7
CC13-01144;2023;134,9
CC13-01145;2016;89,2
CC13-01145;2017;96,0
CC13-01145;2018;99,7
CC13-01145;2019;99,7
CC13-01145;2020;100,0
CC13-01145;2021;103,8
CC13-01145;2022;124,6
CC13-01145;2023;149,1
CC13-01146;2016;80,9
CC13-01146;2017;90,1
CC13-01146;2018;100,7
CC13-01146;2019;101,0
CC13-01146;2020;100,0
CC13-01146;2021;102,7
CC13-01146;2022;122,0
CC13-01146;2023;141,5
CC13-01147;2016;93,6
CC13-01147;2017;93,2
CC13-01147;2018;100,8
CC13-01147;2019;98,3
CC13-01147;2020;100,0
CC13-01147;2021;107,2
CC13-01147;2022;128,0
CC13-01147;2023;136,4
CC13-0115;2016;82,9
CC13-0115;2017;103,0
CC13-0115;2018;111,2
CC13-0115;2019;104,6
CC13-0115;2020;100,0
CC13-0115;2021;105,4
CC13-0115;2022;144,9
CC13-0115;2023;139,9
CC13-01151;2016;73,1
CC13-01151;2017;105,9
CC13-01151;2018;119,0
CC13-01151;2019;107,2
CC13-01151;2020;100,0
CC13-01151;2021;105,1
CC13-01151;2022;146,4
CC13-01151;2023;120,3
CC13-01152;2016;91,5
CC13-01152;2017;94,1
CC13-01152;2018;96,2
CC13-01152;2019;99,7
CC13-01152;2020;100,0
CC13-01152;2021;105,8
CC13-01152;2022;134,2
CC13-01152;2023;162,9
CC13-01153;2016;96,9
CC13-01153;2017;103,0
CC13-01153;2018;106,6
CC13-01153;2019;103,9
CC13-01153;2020;100,0
CC13-01153;2021;101,0
CC13-01153;2022;113,7
CC13-01153;2023;145,0
CC13-01154;2016;107,3
CC13-01154;2017;104,1
CC13-01154;2018;101,4
CC13-01154;2019;100,2
CC13-01154;2020;100,0
CC13-01154;2021;111,1
CC13-01154;2022;183,6
CC13-01154;2023;187,0
CC13-01155;2016;84,3
CC13-01155;2017;95,8
CC13-01155;2018;100,2
CC13-01155;2019;97,9
CC13-01155;2020;100,0
CC13-01155;2021;104,1
CC13-01155;2022;122,5
CC13-01155;2023;131,8
CC13-0116;2016;91,3
CC13-0116;2017;93,2
CC13-0116;2018;96,6
CC13-0116;2019;93,5
CC13-0116;2020;100,0
CC13-0116;2021;101,6
CC13-0116;2022;105,7
CC13-0116;2023;114,4
CC13-01161;2016;89,7
CC13-01161;2017;92,7
CC13-01161;2018;96,4
CC13-01161;2019;92,3
CC13-01161;2020;100,0
CC13-01161;2021;101,6
CC13-01161;2022;105,0
CC13-01161;2023;112,2
CC13-01162;2016;97,1
CC13-01162;2017;96,1
CC13-01162;2018;98,6
CC13-01162;2019;99,1
CC13-01162;2020;100,0
CC13-01162;2021;103,4
CC13-01162;2022;124,8
CC13-01162;2023;131,8
CC13-01163;2016;100,8
CC13-01163;2017;95,2
CC13-01163;2018;95,9
CC13-01163;2019;98,2
CC13-01163;2020;100,0
CC13-01163;2021;100,4
CC13-01163;2022;104,5
CC13-01163;2023;115,8
CC13-01164;2016;90,0
CC13-01164;2017;94,8
CC13-01164;2018;100,7
CC13-01164;2019;98,4
CC13-01164;2020;100,0
CC13-01164;2021;104,6
CC13-01164;2022;114,0
CC13-01164;2023;137,5
CC13-0117;2016;93,2
CC13-0117;2017;93,4
CC13-0117;2018;93,8
CC13-0117;2019;99,7
CC13-0117;2020;100,0
CC13-0117;2021;104,2
CC13-0117;2022;116,7
CC13-0117;2023;132,2
CC13-01171;2016;91,3
CC13-01171;2017;93,9
CC13-01171;2018;94,0
CC13-01171;2019;97,7
CC13-01171;2020;100,0
CC13-01171;2021;104,4
CC13-01171;2022;115,8
CC13-01171;2023;127,3
CC13-01172;2016;93,4
CC13-01172;2017;94,7
CC13-01172;2018;96,1
CC13-01172;2019;97,6
CC13-01172;2020;100,0
CC13-01172;2021;105,0
CC13-01172;2022;113,0
CC13-01172;2023;134,0
CC13-01173;2016;97,3
CC13-01173;2017;94,3
CC13-01173;2018;94,8
CC13-01173;2019;97,7
CC13-01173;2020;100,0
CC13-01173;2021;107,2
CC13-01173;2022;124,3
CC13-01173;2023;149,5
CC13-01174;2016;94,9
CC13-01174;2017;90,2
CC13-01174;2018;91,0
CC13-01174;2019;109,1
CC13-01174;2020;100,0
CC13-01174;2021;100,4
CC13-01174;2022;114,7
CC13-01174;2023;134,7
CC13-01175;2016;97,3
CC13-01175;2017;94,5
CC13-01175;2018;96,1
CC13-01175;2019;101,2
CC13-01175;2020;100,0
CC13-01175;2021;103,8
CC13-01175;2022;118,1
CC13-01175;2023;145,5
CC13-0118;2016;98,8
CC13-0118;2017;99,1
CC13-0118;2018;99,5
CC13-0118;2019;99,1
CC13-0118;2020;100,0
CC13-0118;2021;103,3
CC13-0118;2022;109,8
CC13-0118;2023;127,0
CC13-01181;2016;94,5
CC13-01181;2017;96,2
CC13-01181;2018;91,7
CC13-01181;2019;88,5
CC13-01181;2020;100,0
CC13-01181;2021;104,0
CC13-01181;2022;118,5
CC13-01181;2023;180,6
CC13-01182;2016;99,9
CC13-01182;2017;100,4
CC13-01182;2018;101,3
CC13-01182;2019;100,5
CC13-01182;2020;100,0
CC13-01182;2021;101,6
CC13-01182;2022;112,7
CC13-01182;2023;128,5
CC13-01183;2016;98,2
CC13-01183;2017;98,7
CC13-01183;2018;99,6
CC13-01183;2019;99,8
CC13-01183;2020;100,0
CC13-01183;2021;104,3
CC13-01183;2022;110,1
CC13-01183;2023;126,5
CC13-01184;2016;100,0
CC13-01184;2017;99,7
CC13-01184;2018;99,8
CC13-01184;2019;99,4
CC13-01184;2020;100,0
CC13-01184;2021;103,1
CC13-01184;2022;106,5
CC13-01184;2023;119,8
CC13-01185;2016;97,8
CC13-01185;2017;98,0
CC13-01185;2018;99,1
CC13-01185;2019;99,2
CC13-01185;2020;100,0
CC13-01185;2021;103,3
CC13-01185;2022;108,9
CC13-01185;2023;123,6
CC13-01186;2016;103,3
CC13-01186;2017;103,2
CC13-01186;2018;103,3
CC13-01186;2019;103,0
CC13-01186;2020;100,0
CC13-01186;2021;94,5
CC13-01186;2022;104,2
CC13-01186;2023;119,0
CC13-0119;2016;97,5
CC13-0119;2017;97,9
CC13-0119;2018;98,9
CC13-0119;2019;99,9
CC13-0119;2020;100,0
CC13-0119;2021;101,7
CC13-0119;2022;111,2
CC13-0119;2023;129,5
CC13-01191;2016;95,8
CC13-01191;2017;96,9
CC13-01191;2018;98,8
CC13-01191;2019;99,8
CC13-01191;2020;100,0
CC13-01191;2021;102,4
CC13-01191;2022;115,4
CC13-01191;2023;143,1
CC13-01192;2016;99,0
CC13-01192;2017;99,7
CC13-01192;2018;100,4
CC13-01192;2019;100,5
CC13-01192;2020;100,0
CC13-01192;2021;100,5
CC13-01192;2022;107,5
CC13-01192;2023;118,3
CC13-01193;2016;93,4
CC13-01193;2017;93,7
CC13-01193;2018;92,8
CC13-01193;2019;96,7
CC13-01193;2020;100,0
CC13-01193;2021;104,2
CC13-01193;2022;111,1
CC13-01193;2023;122,2
CC13-01194;2016;100,7
CC13-01194;2017;100,3
CC13-01194;2018;100,3
CC13-01194;2019;101,2
CC13-01194;2020;100,0
CC13-01194;2021;100,7
CC13-01194;2022;105,8
CC13-01194;2023;118,4
CC13-01199;2016;98,1
CC13-01199;2017;97,9
CC13-01199;2018;98,7
CC13-01199;2019;99,8
CC13-01199;2020;100,0
CC13-01199;2021;101,7
CC13-01199;2022;111,3
CC13-01199;2023;127,0
CC13-012;2016;96,2
CC13-012;2017;97,5
CC13-012;2018;99,2
CC13-012;2019;99,0
CC13-012;2020;100,0
CC13-012;2021;102,7
CC13-012;2022;110,1
CC13-012;2023;121,7
CC13-0121;2016;99,6
CC13-0121;2017;102,1
CC13-0121;2018;102,0
CC13-0121;2019;100,7
CC13-0121;2020;100,0
CC13-0121;2021;103,0
CC13-0121;2022;114,9
CC13-0121;2023;120,5
CC13-01211;2016;100,4
CC13-01211;2017;103,5
CC13-01211;2018;102,9
CC13-01211;2019;100,9
CC13-01211;2020;100,0
CC13-01211;2021;103,5
CC13-01211;2022;117,9
CC13-01211;2023;122,5
CC13-01212;2016;98,0
CC13-01212;2017;97,9
CC13-01212;2018;99,5
CC13-01212;2019;100,2
CC13-01212;2020;100,0
CC13-01212;2021;101,7
CC13-01212;2022;105,4
CC13-01212;2023;111,9
CC13-01213;2016;92,6
CC13-01213;2017;95,4
CC13-01213;2018;96,6
CC13-01213;2019;97,9
CC13-01213;2020;100,0
CC13-01213;2021;99,7
CC13-01213;2022;107,6
CC13-01213;2023;127,8
CC13-0122;2016;94,6
CC13-0122;2017;95,3
CC13-0122;2018;97,8
CC13-0122;2019;98,3
CC13-0122;2020;100,0
CC13-0122;2021;102,7
CC13-0122;2022;107,9
CC13-0122;2023;122,2
CC13-01221;2016;95,9
CC13-01221;2017;96,7
CC13-01221;2018;97,7
CC13-01221;2019;99,8
CC13-01221;2020;100,0
CC13-01221;2021;102,2
CC13-01221;2022;109,5
CC13-01221;2023;120,9
CC13-01222;2016;92,0
CC13-01222;2017;92,1
CC13-01222;2018;94,9
CC13-01222;2019;96,3
CC13-01222;2020;100,0
CC13-01222;2021;103,4
CC13-01222;2022;108,3
CC13-01222;2023;120,6
CC13-01223;2016;96,0
CC13-01223;2017;97,4
CC13-01223;2018;101,5
CC13-01223;2019;98,7
CC13-01223;2020;100,0
CC13-01223;2021;102,1
CC13-01223;2022;105,4
CC13-01223;2023;126,2
CC13-02;2016;90,6
CC13-02;2017;92,8
CC13-02;2018;95,7
CC13-02;2019;98,1
CC13-02;2020;100,0
CC13-02;2021;103,5
CC13-02;2022;107,9
CC13-02;2023;117,1
CC13-021;2016;97,3
CC13-021;2017;97,7
CC13-021;2018;99,8
CC13-021;2019;100,7
CC13-021;2020;100,0
CC13-021;2021;101,6
CC13-021;2022;106,0
CC13-021;2023;116,0
CC13-0211;2016;99,4
CC13-0211;2017;99,5
CC13-0211;2018;99,8
CC13-0211;2019;100,5
CC13-0211;2020;100,0
CC13-0211;2021;101,9
CC13-0211;2022;105,1
CC13-0211;2023;113,0
CC13-02111;2016;99,5
CC13-02111;2017;99,5
CC13-02111;2018;99,8
CC13-02111;2019;100,5
CC13-02111;2020;100,0
CC13-02111;2021;101,9
CC13-02111;2022;105,1
CC13-02111;2023;112,8
CC13-02112;2016;98,1
CC13-02112;2017;99,2
CC13-02112;2018;100,1
CC13-02112;2019;99,6
CC13-02112;2020;100,0
CC13-02112;2021;101,2
CC13-02112;2022;105,0
CC13-02112;2023;117,1
CC13-0212;2016;97,6
CC13-0212;2017;98,0
CC13-0212;2018;100,0
CC13-0212;2019;100,6
CC13-0212;2020;100,0
CC13-0212;2021;101,7
CC13-0212;2022;106,4
CC13-0212;2023;115,4
CC13-02121;2016;97,3
CC13-02121;2017;97,8
CC13-02121;2018;99,9
CC13-02121;2019;100,5
CC13-02121;2020;100,0
CC13-02121;2021;101,8
CC13-02121;2022;106,6
CC13-02121;2023;115,3
CC13-02122;2016;95,3
CC13-02122;2017;93,9
CC13-02122;2018;96,8
CC13-02122;2019;98,9
CC13-02122;2020;100,0
CC13-02122;2021;102,7
CC13-02122;2022;107,5
CC13-02122;2023;120,3
CC13-02123;2016;99,3
CC13-02123;2017;99,6
CC13-02123;2018;100,3
CC13-02123;2019;100,7
CC13-02123;2020;100,0
CC13-02123;2021;100,9
CC13-02123;2022;101,7
CC13-02123;2023;108,2
CC13-02124;2016;105,7
CC13-02124;2017;105,7
CC13-02124;2018;104,5
CC13-02124;2019;102,8
CC13-02124;2020;100,0
CC13-02124;2021;99,1
CC13-02124;2022;103,4
CC13-02124;2023;117,2
CC13-0213;2016;95,6
CC13-0213;2017;96,3
CC13-0213;2018;99,7
CC13-0213;2019;101,0
CC13-0213;2020;100,0
CC13-0213;2021;101,3
CC13-0213;2022;106,2
CC13-0213;2023;118,5
CC13-02131;2016;95,9
CC13-02131;2017;96,6
CC13-02131;2018;100,2
CC13-02131;2019;101,3
CC13-02131;2020;100,0
CC13-02131;2021;101,1
CC13-02131;2022;106,1
CC13-02131;2023;118,3
CC13-02132;2016;93,6
CC13-02132;2017;95,2
CC13-02132;2018;97,1
CC13-02132;2019;99,3
CC13-02132;2020;100,0
CC13-02132;2021;102,1
CC13-02132;2022;106,0
CC13-02132;2023;117,0
CC13-02133;2016;96,6
CC13-02133;2017;96,8
CC13-02133;2018;99,4
CC13-02133;2019;100,6
CC13-02133;2020;100,0
CC13-02133;2021;102,1
CC13-02133;2022;107,3
CC13-02133;2023;119,9
CC13-02134;2016;93,9
CC13-02134;2017;94,0
CC13-02134;2018;97,4
CC13-02134;2019;100,1
CC13-02134;2020;100,0
CC13-02134;2021;101,9
CC13-02134;2022;106,1
CC13-02134;2023;119,9
CC13-022;2016;85,8
CC13-022;2017;89,2
CC13-022;2018;92,6
CC13-022;2019;96,1
CC13-022;2020;100,0
CC13-022;2021;105,1
CC13-022;2022;109,3
CC13-022;2023;118,0
CC13-0220;2016;85,8
CC13-0220;2017;89,2
CC13-0220;2018;92,6
CC13-0220;2019;96,1
CC13-0220;2020;100,0
CC13-0220;2021;105,1
CC13-0220;2022;109,3
CC13-0220;2023;118,0
CC13-02201;2016;86,1
CC13-02201;2017;89,5
CC13-02201;2018;93,0
CC13-02201;2019;96,3
CC13-02201;2020;100,0
CC13-02201;2021;105,7
CC13-02201;2022;109,6
CC13-02201;2023;117,5
CC13-02202;2016;92,8
CC13-02202;2017;93,2
CC13-02202;2018;94,0
CC13-02202;2019;96,5
CC13-02202;2020;100,0
CC13-02202;2021;101,7
CC13-02202;2022;103,9
CC13-02202;2023;111,3
CC13-02203;2016;82,9
CC13-02203;2017;87,2
CC13-02203;2018;90,7
CC13-02203;2019;95,2
CC13-02203;2020;100,0
CC13-02203;2021;102,9
CC13-02203;2022;109,0
CC13-02203;2023;121,3
CC13-03;2016;99,5
CC13-03;2017;100,1
CC13-03;2018;100,4
CC13-03;2019;101,7
CC13-03;2020;100,0
CC13-03;2021;101,5
CC13-03;2022;102,3
CC13-03;2023;106,1
CC13-031;2016;98,7
CC13-031;2017;99,1
CC13-031;2018;99,3
CC13-031;2019;100,9
CC13-031;2020;100,0
CC13-031;2021;101,8
CC13-031;2022;102,6
CC13-031;2023;106,6
CC13-0311;2016;96,1
CC13-0311;2017;96,0
CC13-0311;2018;96,3
CC13-0311;2019;101,9
CC13-0311;2020;100,0
CC13-0311;2021;103,4
CC13-0311;2022;105,3
CC13-0311;2023;107,4
CC13-03110;2016;96,1
CC13-03110;2017;96,0
CC13-03110;2018;96,3
CC13-03110;2019;101,9
CC13-03110;2020;100,0
CC13-03110;2021;103,4
CC13-03110;2022;105,3
CC13-03110;2023;107,4
CC13-0312;2016;99,1
CC13-0312;2017;99,4
CC13-0312;2018;99,5
CC13-0312;2019;101,0
CC13-0312;2020;100,0
CC13-0312;2021;101,7
CC13-0312;2022;102,3
CC13-0312;2023;106,2
CC13-03121;2016;99,7
CC13-03121;2017;100,1
CC13-03121;2018;100,5
CC13-03121;2019;101,6
CC13-03121;2020;100,0
CC13-03121;2021;101,6
CC13-03121;2022;102,7
CC13-03121;2023;106,4
CC13-03122;2016;98,6
CC13-03122;2017;99,1
CC13-03122;2018;99,0
CC13-03122;2019;100,6
CC13-03122;2020;100,0
CC13-03122;2021;101,5
CC13-03122;2022;101,4
CC13-03122;2023;105,2
CC13-03123;2016;100,3
CC13-03123;2017;99,8
CC13-03123;2018;99,3
CC13-03123;2019;101,3
CC13-03123;2020;100,0
CC13-03123;2021;103,3
CC13-03123;2022;105,9
CC13-03123;2023;110,8
CC13-0313;2016;94,9
CC13-0313;2017;95,9
CC13-0313;2018;97,0
CC13-0313;2019;98,4
CC13-0313;2020;100,0
CC13-0313;2021;102,5
CC13-0313;2022;106,6
CC13-0313;2023;110,9
CC13-03131;2016;94,9
CC13-03131;2017;96,3
CC13-03131;2018;97,2
CC13-03131;2019;98,4
CC13-03131;2020;100,0
CC13-03131;2021;102,9
CC13-03131;2022;106,3
CC13-03131;2023;110,2
CC13-03132;2016;94,6
CC13-03132;2017;94,3
CC13-03132;2018;96,0
CC13-03132;2019;98,0
CC13-03132;2020;100,0
CC13-03132;2021;100,8
CC13-03132;2022;107,8
CC13-03132;2023;113,6
CC13-0314;2016;90,8
CC13-0314;2017;92,7
CC13-0314;2018;94,8
CC13-0314;2019;97,8
CC13-0314;2020;100,0
CC13-0314;2021;102,5
CC13-0314;2022;108,4
CC13-0314;2023;117,8
CC13-03141;2016;90,7
CC13-03141;2017;92,7
CC13-03141;2018;94,7
CC13-03141;2019;97,5
CC13-03141;2020;100,0
CC13-03141;2021;102,3
CC13-03141;2022;109,0
CC13-03141;2023;120,6
CC13-03142;2016;91,0
CC13-03142;2017;92,6
CC13-03142;2018;94,9
CC13-03142;2019;98,4
CC13-03142;2020;100,0
CC13-03142;2021;102,7
CC13-03142;2022;107,6
CC13-03142;2023;113,6
CC13-032;2016;99,2
CC13-032;2017;100,6
CC13-032;2018;101,5
CC13-032;2019;101,7
CC13-032;2020;100,0
CC13-032;2021;99,9
CC13-032;2022;100,5
CC13-032;2023;103,6
CC13-0321;2016;99,4
CC13-0321;2017;100,7
CC13-0321;2018;101,6
CC13-0321;2019;101,7
CC13-0321;2020;100,0
CC13-0321;2021;99,8
CC13-0321;2022;100,4
CC13-0321;2023;103,3
CC13-03211;2016;100,3
CC13-03211;2017;101,2
CC13-03211;2018;102,4
CC13-03211;2019;102,7
CC13-03211;2020;100,0
CC13-03211;2021;100,4
CC13-03211;2022;103,0
CC13-03211;2023;106,0
CC13-03212;2016;99,0
CC13-03212;2017;100,9
CC13-03212;2018;101,3
CC13-03212;2019;101,6
CC13-03212;2020;100,0
CC13-03212;2021;99,1
CC13-03212;2022;98,5
CC13-03212;2023;101,4
CC13-03213;2016;97,5
CC13-03213;2017;97,8
CC13-03213;2018;99,1
CC13-03213;2019;99,1
CC13-03213;2020;100,0
CC13-03213;2021;100,8
CC13-03213;2022;101,5
CC13-03213;2023;104,2
CC13-0322;2016;90,6
CC13-0322;2017;92,7
CC13-0322;2018;95,2
CC13-0322;2019;97,6
CC13-0322;2020;100,0
CC13-0322;2021;103,8
CC13-0322;2022;110,9
CC13-0322;2023;119,2
CC13-03220;2016;90,6
CC13-03220;2017;92,7
CC13-03220;2018;95,2
CC13-03220;2019;97,6
CC13-03220;2020;100,0
CC13-03220;2021;103,8
CC13-03220;2022;110,9
CC13-03220;2023;119,2
CC13-04;2016;94,3
CC13-04;2017;95,5
CC13-04;2018;97,2
CC13-04;2019;99,0
CC13-04;2020;100,0
CC13-04;2021;101,7
CC13-04;2022;109,1
CC13-04;2023;114,5
CC13-041;2016;94,6
CC13-041;2017;95,8
CC13-041;2018;97,2
CC13-041;2019;98,6
CC13-041;2020;100,0
CC13-041;2021;101,4
CC13-041;2022;103,1
CC13-041;2023;105,2
CC13-0411;2016;94,5
CC13-0411;2017;95,8
CC13-0411;2018;97,2
CC13-0411;2019;98,6
CC13-0411;2020;100,0
CC13-0411;2021;101,4
CC13-0411;2022;103,2
CC13-0411;2023;105,4
CC13-04110;2016;94,5
CC13-04110;2017;95,8
CC13-04110;2018;97,2
CC13-04110;2019;98,6
CC13-04110;2020;100,0
CC13-04110;2021;101,4
CC13-04110;2022;103,2
CC13-04110;2023;105,4
CC13-0412;2016;96,1
CC13-0412;2017;96,9
CC13-0412;2018;97,9
CC13-0412;2019;98,9
CC13-0412;2020;100,0
CC13-0412;2021;100,9
CC13-0412;2022;102,0
CC13-0412;2023;103,2
CC13-04122;2016;96,1
CC13-04122;2017;96,9
CC13-04122;2018;97,9
CC13-04122;2019;98,9
CC13-04122;2020;100,0
CC13-04122;2021;100,9
CC13-04122;2022;102,0
CC13-04122;2023;103,2
CC13-042;2016;-
CC13-042;2017;-
CC13-042;2018;-
CC13-042;2019;-
CC13-042;2020;100,0
CC13-042;2021;101,1
CC13-042;2022;102,6
CC13-042;2023;104,7
CC13-0421;2016;-
CC13-0421;2017;-
CC13-0421;2018;-
CC13-0421;2019;-
CC13-0421;2020;100,0
CC13-0421;2021;101,1
CC13-0421;2022;102,6
CC13-0421;2023;104,7
CC13-04210;2016;-
CC13-04210;2017;-
CC13-04210;2018;-
CC13-04210;2019;-
CC13-04210;2020;100,0
CC13-04210;2021;101,1
CC13-04210;2022;102,6
CC13-04210;2023;104,7
CC13-043;2016;91,0
CC13-043;2017;92,8
CC13-043;2018;95,4
CC13-043;2019;98,9
CC13-043;2020;100,0
CC13-043;2021;104,5
CC13-043;2022;116,3
CC13-043;2023;127,3
CC13-0431;2016;95,8
CC13-0431;2017;96,5
CC13-0431;2018;97,5
CC13-0431;2019;100,5
CC13-0431;2020;100,0
CC13-0431;2021;103,2
CC13-0431;2022;112,6
CC13-0431;2023;118,5
CC13-04310;2016;95,8
CC13-04310;2017;96,5
CC13-04310;2018;97,5
CC13-04310;2019;100,5
CC13-04310;2020;100,0
CC13-04310;2021;103,2
CC13-04310;2022;112,6
CC13-04310;2023;118,5
CC13-0432;2016;87,6
CC13-0432;2017;90,3
CC13-0432;2018;93,7
CC13-0432;2019;97,5
CC13-0432;2020;100,0
CC13-0432;2021;106,0
CC13-0432;2022;120,3
CC13-0432;2023;136,8
CC13-04321;2016;85,8
CC13-04321;2017;88,8
CC13-04321;2018;92,8
CC13-04321;2019;97,2
CC13-04321;2020;100,0
CC13-04321;2021;106,9
CC13-04321;2022;123,5
CC13-04321;2023;143,8
CC13-04322;2016;84,9
CC13-04322;2017;87,9
CC13-04322;2018;92,1
CC13-04322;2019;96,9
CC13-04322;2020;100,0
CC13-04322;2021;107,0
CC13-04322;2022;122,8
CC13-04322;2023;139,2
CC13-04323;2016;88,0
CC13-04323;2017;90,6
CC13-04323;2018;93,9
CC13-04323;2019;97,6
CC13-04323;2020;100,0
CC13-04323;2021;106,3
CC13-04323;2022;121,9
CC13-04323;2023;141,3
CC13-04324;2016;88,3
CC13-04324;2017;91,2
CC13-04324;2018;94,5
CC13-04324;2019;98,1
CC13-04324;2020;100,0
CC13-04324;2021;104,9
CC13-04324;2022;116,3
CC13-04324;2023;129,2
CC13-04325;2016;89,9
CC13-04325;2017;91,9
CC13-04325;2018;95,1
CC13-04325;2019;98,6
CC13-04325;2020;100,0
CC13-04325;2021;106,5
CC13-04325;2022;124,4
CC13-04325;2023;141,7
CC13-04329;2016;88,9
CC13-04329;2017;91,1
CC13-04329;2018;93,9
CC13-04329;2019;97,6
CC13-04329;2020;100,0
CC13-04329;2021;104,0
CC13-04329;2022;112,6
CC13-04329;2023;124,1
CC13-044;2016;95,3
CC13-044;2017;96,4
CC13-044;2018;97,3
CC13-044;2019;98,8
CC13-044;2020;100,0
CC13-044;2021;102,4
CC13-044;2022;104,8
CC13-044;2023;109,0
CC13-0441;2016;95,6
CC13-0441;2017;96,7
CC13-0441;2018;97,9
CC13-0441;2019;100,0
CC13-0441;2020;100,0
CC13-0441;2021;102,9
CC13-0441;2022;105,2
CC13-0441;2023;110,9
CC13-04410;2016;95,6
CC13-04410;2017;96,7
CC13-04410;2018;97,9
CC13-04410;2019;100,0
CC13-04410;2020;100,0
CC13-04410;2021;102,9
CC13-04410;2022;105,2
CC13-04410;2023;110,9
CC13-0442;2016;96,1
CC13-0442;2017;96,2
CC13-0442;2018;96,4
CC13-0442;2019;97,3
CC13-0442;2020;100,0
CC13-0442;2021;103,5
CC13-0442;2022;106,1
CC13-0442;2023;108,0
CC13-04420;2016;96,1
CC13-04420;2017;96,2
CC13-04420;2018;96,4
CC13-04420;2019;97,3
CC13-04420;2020;100,0
CC13-04420;2021;103,5
CC13-04420;2022;106,1
CC13-04420;2023;108,0
CC13-0443;2016;98,8
CC13-0443;2017;98,9
CC13-0443;2018;98,8
CC13-0443;2019;99,7
CC13-0443;2020;100,0
CC13-0443;2021;101,3
CC13-0443;2022;103,3
CC13-0443;2023;106,6
CC13-04430;2016;98,8
CC13-04430;2017;98,9
CC13-04430;2018;98,8
CC13-04430;2019;99,7
CC13-04430;2020;100,0
CC13-04430;2021;101,3
CC13-04430;2022;103,3
CC13-04430;2023;106,6
CC13-0444;2016;93,8
CC13-0444;2017;95,4
CC13-0444;2018;96,9
CC13-0444;2019;98,5
CC13-0444;2020;100,0
CC13-0444;2021;102,4
CC13-0444;2022;104,8
CC13-0444;2023;109,5
CC13-04441;2016;93,7
CC13-04441;2017;95,5
CC13-04441;2018;97,1
CC13-04441;2019;98,6
CC13-04441;2020;100,0
CC13-04441;2021;102,3
CC13-04441;2022;104,6
CC13-04441;2023;109,4
CC13-04449;2016;94,0
CC13-04449;2017;94,6
CC13-04449;2018;95,4
CC13-04449;2019;97,9
CC13-04449;2020;100,0
CC13-04449;2021;103,3
CC13-04449;2022;105,4
CC13-04449;2023;110,7
CC13-045;2016;93,9
CC13-045;2017;94,7
CC13-045;2018;97,5
CC13-045;2019;100,3
CC13-045;2020;100,0
CC13-045;2021;102,6
CC13-045;2022;136,1
CC13-045;2023;155,1
CC13-0451;2016;91,2
CC13-0451;2017;92,6
CC13-0451;2018;93,8
CC13-0451;2019;97,0
CC13-0451;2020;100,0
CC13-0451;2021;101,3
CC13-0451;2022;120,8
CC13-0451;2023;136,1
CC13-04510;2016;91,2
CC13-04510;2017;92,6
CC13-04510;2018;93,8
CC13-04510;2019;97,0
CC13-04510;2020;100,0
CC13-04510;2021;101,3
CC13-04510;2022;120,8
CC13-04510;2023;136,1
CC13-0452;2016;100,9
CC13-0452;2017;97,9
CC13-0452;2018;96,6
CC13-0452;2019;98,8
CC13-0452;2020;100,0
CC13-0452;2021;103,8
CC13-0452;2022;153,8
CC13-0452;2023;193,5
CC13-04521;2016;101,0
CC13-04521;2017;97,5
CC13-04521;2018;96,0
CC13-04521;2019;98,5
CC13-04521;2020;100,0
CC13-04521;2021;102,7
CC13-04521;2022;152,1
CC13-04521;2023;194,4
CC13-04522;2016;92,3
CC13-04522;2017;113,0
CC13-04522;2018;121,8
CC13-04522;2019;110,5
CC13-04522;2020;100,0
CC13-04522;2021;143,2
CC13-04522;2022;217,8
CC13-04522;2023;158,4
CC13-0453;2016;91,9
CC13-0453;2017;102,0
CC13-0453;2018;120,2
CC13-0453;2019;123,2
CC13-0453;2020;100,0
CC13-0453;2021;108,5
CC13-0453;2022;187,7
CC13-0453;2023;176,4
CC13-04530;2016;91,9
CC13-04530;2017;102,0
CC13-04530;2018;120,2
CC13-04530;2019;123,2
CC13-04530;2020;100,0
CC13-04530;2021;108,5
CC13-04530;2022;187,7
CC13-04530;2023;176,4
CC13-0454;2016;98,2
CC13-0454;2017;101,6
CC13-0454;2018;102,4
CC13-0454;2019;104,0
CC13-0454;2020;100,0
CC13-0454;2021;100,9
CC13-0454;2022;158,0
CC13-0454;2023;169,7
CC13-04541;2016;100,2
CC13-04541;2017;100,5
CC13-04541;2018;100,4
CC13-04541;2019;100,3
CC13-04541;2020;100,0
CC13-04541;2021;101,2
CC13-04541;2022;131,1
CC13-04541;2023;197,8
CC13-04549;2016;97,4
CC13-04549;2017;101,2
CC13-04549;2018;102,2
CC13-04549;2019;104,0
CC13-04549;2020;100,0
CC13-04549;2021;100,9
CC13-04549;2022;158,5
CC13-04549;2023;169,2
CC13-0455;2016;99,1
CC13-0455;2017;96,0
CC13-0455;2018;97,7
CC13-0455;2019;102,1
CC13-0455;2020;100,0
CC13-0455;2021;101,0
CC13-0455;2022;125,8
CC13-0455;2023;138,5
CC13-04550;2016;99,1
CC13-04550;2017;96,0
CC13-04550;2018;97,7
CC13-04550;2019;102,1
CC13-04550;2020;100,0
CC13-04550;2021;101,0
CC13-04550;2022;125,8
CC13-04550;2023;138,5
CC13-05;2016;97,9
CC13-05;2017;98,4
CC13-05;2018;99,1
CC13-05;2019;99,9
CC13-05;2020;100,0
CC13-05;2021;102,7
CC13-05;2022;110,5
CC13-05;2023;117,6
CC13-051;2016;97,0
CC13-051;2017;97,6
CC13-051;2018;98,7
CC13-051;2019;99,7
CC13-051;2020;100,0
CC13-051;2021;103,6
CC13-051;2022;112,7
CC13-051;2023;120,4
CC13-0511;2016;97,1
CC13-0511;2017;97,7
CC13-0511;2018;98,7
CC13-0511;2019;99,7
CC13-0511;2020;100,0
CC13-0511;2021;103,7
CC13-0511;2022;113,0
CC13-0511;2023;120,8
CC13-05111;2016;96,9
CC13-05111;2017;97,6
CC13-05111;2018;98,6
CC13-05111;2019;99,7
CC13-05111;2020;100,0
CC13-05111;2021;103,7
CC13-05111;2022;112,6
CC13-05111;2023;120,6
CC13-05112;2016;98,5
CC13-05112;2017;97,5
CC13-05112;2018;97,7
CC13-05112;2019;99,1
CC13-05112;2020;100,0
CC13-05112;2021;106,1
CC13-05112;2022;118,7
CC13-05112;2023;129,3
CC13-05113;2016;100,0
CC13-05113;2017;100,4
CC13-05113;2018;100,5
CC13-05113;2019;100,6
CC13-05113;2020;100,0
CC13-05113;2021;103,6
CC13-05113;2022;109,4
CC13-05113;2023;112,5
CC13-05119;2016;96,0
CC13-05119;2017;97,1
CC13-05119;2018;98,5
CC13-05119;2019;99,6
CC13-05119;2020;100,0
CC13-05119;2021;103,1
CC13-05119;2022;115,6
CC13-05119;2023;123,5
CC13-0512;2016;97,1
CC13-0512;2017;97,6
CC13-0512;2018;99,0
CC13-0512;2019;99,8
CC13-0512;2020;100,0
CC13-0512;2021;102,0
CC13-0512;2022;110,0
CC13-0512;2023;116,9
CC13-05121;2016;98,3
CC13-05121;2017;98,4
CC13-05121;2018;100,8
CC13-05121;2019;101,2
CC13-05121;2020;100,0
CC13-05121;2021;101,4
CC13-05121;2022;109,1
CC13-05121;2023;115,8
CC13-05122;2016;98,2
CC13-05122;2017;98,7
CC13-05122;2018;97,9
CC13-05122;2019;98,4
CC13-05122;2020;100,0
CC13-05122;2021;102,7
CC13-05122;2022;110,4
CC13-05122;2023;115,4
CC13-05123;2016;88,2
CC13-05123;2017;90,2
CC13-05123;2018;92,4
CC13-05123;2019;96,4
CC13-05123;2020;100,0
CC13-05123;2021;103,4
CC13-05123;2022;112,7
CC13-05123;2023;122,9
CC13-0513;2016;93,6
CC13-0513;2017;94,9
CC13-0513;2018;96,8
CC13-0513;2019;97,8
CC13-0513;2020;100,0
CC13-0513;2021;102,9
CC13-0513;2022;107,9
CC13-0513;2023;112,7
CC13-05130;2016;93,6
CC13-05130;2017;94,9
CC13-05130;2018;96,8
CC13-05130;2019;97,8
CC13-05130;2020;100,0
CC13-05130;2021;102,9
CC13-05130;2022;107,9
CC13-05130;2023;112,7
CC13-052;2016;97,5
CC13-052;2017;98,1
CC13-052;2018;98,8
CC13-052;2019;100,4
CC13-052;2020;100,0
CC13-052;2021;102,0
CC13-052;2022;109,7
CC13-052;2023;115,3
CC13-0520;2016;97,5
CC13-0520;2017;98,1
CC13-0520;2018;98,8
CC13-0520;2019;100,4
CC13-0520;2020;100,0
CC13-0520;2021;102,0
CC13-0520;2022;109,7
CC13-0520;2023;115,3
CC13-05201;2016;100,2
CC13-05201;2017;99,6
CC13-05201;2018;99,3
CC13-05201;2019;100,7
CC13-05201;2020;100,0
CC13-05201;2021;101,5
CC13-05201;2022;109,4
CC13-05201;2023;112,8
CC13-05202;2016;95,6
CC13-05202;2017;96,4
CC13-05202;2018;97,3
CC13-05202;2019;99,3
CC13-05202;2020;100,0
CC13-05202;2021;102,6
CC13-05202;2022;109,1
CC13-05202;2023;115,9
CC13-05203;2016;96,4
CC13-05203;2017;97,4
CC13-05203;2018;99,4
CC13-05203;2019;100,9
CC13-05203;2020;100,0
CC13-05203;2021;100,5
CC13-05203;2022;107,4
CC13-05203;2023;114,8
CC13-05209;2016;98,2
CC13-05209;2017;100,2
CC13-05209;2018;101,0
CC13-05209;2019;102,1
CC13-05209;2020;100,0
CC13-05209;2021;102,5
CC13-05209;2022;113,3
CC13-05209;2023;117,8
CC13-053;2016;102,6
CC13-053;2017;101,6
CC13-053;2018;100,8
CC13-053;2019;100,4
CC13-053;2020;100,0
CC13-053;2021;102,1
CC13-053;2022;106,1
CC13-053;2023;111,7
CC13-0531;2016;103,0
CC13-0531;2017;101,4
CC13-0531;2018;100,6
CC13-0531;2019;100,7
CC13-0531;2020;100,0
CC13-0531;2021;101,7
CC13-0531;2022;105,7
CC13-0531;2023;110,6
CC13-05311;2016;103,2
CC13-05311;2017;99,9
CC13-05311;2018;99,0
CC13-05311;2019;101,2
CC13-05311;2020;100,0
CC13-05311;2021;102,1
CC13-05311;2022;107,0
CC13-05311;2023;110,5
CC13-05312;2016;105,2
CC13-05312;2017;102,6
CC13-05312;2018;101,3
CC13-05312;2019;100,8
CC13-05312;2020;100,0
CC13-05312;2021;100,1
CC13-05312;2022;103,7
CC13-05312;2023;108,6
CC13-05313;2016;100,0
CC13-05313;2017;99,5
CC13-05313;2018;98,9
CC13-05313;2019;100,2
CC13-05313;2020;100,0
CC13-05313;2021;101,0
CC13-05313;2022;104,5
CC13-05313;2023;110,7
CC13-05314;2016;101,0
CC13-05314;2017;100,7
CC13-05314;2018;100,7
CC13-05314;2019;99,1
CC13-05314;2020;100,0
CC13-05314;2021;105,6
CC13-05314;2022;111,3
CC13-05314;2023;117,7
CC13-05315;2016;101,5
CC13-05315;2017;104,5
CC13-05315;2018;104,4
CC13-05315;2019;102,6
CC13-05315;2020;100,0
CC13-05315;2021;101,5
CC13-05315;2022;103,7
CC13-05315;2023;108,0
CC13-05319;2016;102,8
CC13-05319;2017;103,8
CC13-05319;2018;102,2
CC13-05319;2019;99,8
CC13-05319;2020;100,0
CC13-05319;2021;100,2
CC13-05319;2022;100,6
CC13-05319;2023;107,5
CC13-0532;2016;103,8
CC13-0532;2017;103,3
CC13-0532;2018;102,1
CC13-0532;2019;100,1
CC13-0532;2020;100,0
CC13-0532;2021;102,8
CC13-0532;2022;107,0
CC13-0532;2023;113,7
CC13-05321;2016;103,3
CC13-05321;2017;102,4
CC13-05321;2018;100,8
CC13-05321;2019;99,0
CC13-05321;2020;100,0
CC13-05321;2021;104,2
CC13-05321;2022;105,1
CC13-05321;2023;111,7
CC13-05322;2016;105,7
CC13-05322;2017;104,2
CC13-05322;2018;103,3
CC13-05322;2019;100,8
CC13-05322;2020;100,0
CC13-05322;2021;103,1
CC13-05322;2022;108,1
CC13-05322;2023;112,6
CC13-05323;2016;98,7
CC13-05323;2017;98,7
CC13-05323;2018;98,5
CC13-05323;2019;98,3
CC13-05323;2020;100,0
CC13-05323;2021;100,4
CC13-05323;2022;105,1
CC13-05323;2023;117,4
CC13-05324;2016;102,0
CC13-05324;2017;103,3
CC13-05324;2018;102,3
CC13-05324;2019;100,1
CC13-05324;2020;100,0
CC13-05324;2021;99,1
CC13-05324;2022;106,5
CC13-05324;2023;112,6
CC13-05329;2016;104,3
CC13-05329;2017;105,0
CC13-05329;2018;103,3
CC13-05329;2019;101,1
CC13-05329;2020;100,0
CC13-05329;2021;101,1
CC13-05329;2022;108,8
CC13-05329;2023;119,6
CC13-0533;2016;90,0
CC13-0533;2017;91,9
CC13-0533;2018;95,0
CC13-0533;2019;98,5
CC13-0533;2020;100,0
CC13-0533;2021;102,7
CC13-0533;2022;107,8
CC13-0533;2023;114,6
CC13-05330;2016;90,0
CC13-05330;2017;91,9
CC13-05330;2018;95,0
CC13-05330;2019;98,5
CC13-05330;2020;100,0
CC13-05330;2021;102,7
CC13-05330;2022;107,8
CC13-05330;2023;114,6
CC13-054;2016;97,8
CC13-054;2017;99,1
CC13-054;2018;99,9
CC13-054;2019;100,2
CC13-054;2020;100,0
CC13-054;2021;102,2
CC13-054;2022;108,4
CC13-054;2023;112,5
CC13-0540;2016;97,8
CC13-0540;2017;99,1
CC13-0540;2018;99,9
CC13-0540;2019;100,2
CC13-0540;2020;100,0
CC13-0540;2021;102,2
CC13-0540;2022;108,4
CC13-0540;2023;112,5
CC13-05401;2016;97,5
CC13-05401;2017;98,5
CC13-05401;2018;99,7
CC13-05401;2019;100,5
CC13-05401;2020;100,0
CC13-05401;2021;103,6
CC13-05401;2022;110,5
CC13-05401;2023;115,8
CC13-05402;2016;97,6
CC13-05402;2017;98,5
CC13-05402;2018;99,2
CC13-05402;2019;99,9
CC13-05402;2020;100,0
CC13-05402;2021;102,6
CC13-05402;2022;106,1
CC13-05402;2023;109,7
CC13-05403;2016;98,1
CC13-05403;2017;99,6
CC13-05403;2018;100,3
CC13-05403;2019;100,2
CC13-05403;2020;100,0
CC13-05403;2021;101,7
CC13-05403;2022;108,0
CC13-05403;2023;111,9
CC13-055;2016;100,0
CC13-055;2017;100,4
CC13-055;2018;100,9
CC13-055;2019;100,8
CC13-055;2020;100,0
CC13-055;2021;101,6
CC13-055;2022;105,9
CC13-055;2023;110,3
CC13-0551;2016;103,4
CC13-0551;2017;103,5
CC13-0551;2018;103,5
CC13-0551;2019;102,2
CC13-0551;2020;100,0
CC13-0551;2021;100,9
CC13-0551;2022;103,2
CC13-0551;2023;107,5
CC13-05511;2016;105,7
CC13-05511;2017;105,2
CC13-05511;2018;104,7
CC13-05511;2019;102,5
CC13-05511;2020;100,0
CC13-05511;2021;101,0
CC13-05511;2022;103,2
CC13-05511;2023;107,6
CC13-05512;2016;93,2
CC13-05512;2017;95,9
CC13-05512;2018;97,7
CC13-05512;2019;100,0
CC13-05512;2020;100,0
CC13-05512;2021;99,8
CC13-05512;2022;102,6
CC13-05512;2023;106,6
CC13-0552;2016;98,5
CC13-0552;2017;99,1
CC13-0552;2018;99,7
CC13-0552;2019;100,2
CC13-0552;2020;100,0
CC13-0552;2021;101,9
CC13-0552;2022;107,2
CC13-0552;2023;111,6
CC13-05521;2016;98,0
CC13-05521;2017;99,0
CC13-05521;2018;100,0
CC13-05521;2019;100,7
CC13-05521;2020;100,0
CC13-05521;2021;102,4
CC13-05521;2022;108,7
CC13-05521;2023;114,7
CC13-05522;2016;99,1
CC13-05522;2017;99,2
CC13-05522;2018;99,5
CC13-05522;2019;99,8
CC13-05522;2020;100,0
CC13-05522;2021;101,6
CC13-05522;2022;106,4
CC13-05522;2023;110,1
CC13-056;2016;94,0
CC13-056;2017;95,0
CC13-056;2018;96,5
CC13-056;2019;98,4
CC13-056;2020;100,0
CC13-056;2021;102,5
CC13-056;2022;113,7
CC13-056;2023;125,2
CC13-0561;2016;98,7
CC13-0561;2017;98,5
CC13-0561;2018;98,6
CC13-0561;2019;99,7
CC13-0561;2020;100,0
CC13-0561;2021;101,6
CC13-0561;2022;113,3
CC13-0561;2023;124,5
CC13-05611;2016;100,5
CC13-05611;2017;99,5
CC13-05611;2018;99,2
CC13-05611;2019;99,4
CC13-05611;2020;100,0
CC13-05611;2021;100,7
CC13-05611;2022;113,3
CC13-05611;2023;125,9
CC13-05612;2016;97,5
CC13-05612;2017;97,7
CC13-05612;2018;98,0
CC13-05612;2019;100,0
CC13-05612;2020;100,0
CC13-05612;2021;102,2
CC13-05612;2022;113,3
CC13-05612;2023;123,4
CC13-0562;2016;88,7
CC13-0562;2017;91,1
CC13-0562;2018;94,2
CC13-0562;2019;96,8
CC13-0562;2020;100,0
CC13-0562;2021;103,7
CC13-0562;2022;114,2
CC13-0562;2023;126,0
CC13-05621;2016;87,6
CC13-05621;2017;89,0
CC13-05621;2018;92,6
CC13-05621;2019;95,3
CC13-05621;2020;100,0
CC13-05621;2021;101,6
CC13-05621;2022;117,0
CC13-05621;2023;136,0
CC13-05622;2016;94,7
CC13-05622;2017;96,1
CC13-05622;2018;97,2
CC13-05622;2019;99,0
CC13-05622;2020;100,0
CC13-05622;2021;101,9
CC13-05622;2022;107,0
CC13-05622;2023;114,5
CC13-05629;2016;87,5
CC13-05629;2017;95,7
CC13-05629;2018;96,3
CC13-05629;2019;98,2
CC13-05629;2020;100,0
CC13-05629;2021;105,8
CC13-05629;2022;112,9
CC13-05629;2023;119,0
CC13-06;2016;95,5
CC13-06;2017;96,8
CC13-06;2018;97,7
CC13-06;2019;98,7
CC13-06;2020;100,0
CC13-06;2021;100,5
CC13-06;2022;101,8
CC13-06;2023;104,9
CC13-061;2016;95,4
CC13-061;2017;96,9
CC13-061;2018;97,8
CC13-061;2019;98,5
CC13-061;2020;100,0
CC13-061;2021;101,3
CC13-061;2022;103,1
CC13-061;2023;107,5
CC13-0611;2016;95,5
CC13-0611;2017;96,9
CC13-0611;2018;98,1
CC13-0611;2019;99,5
CC13-0611;2020;100,0
CC13-0611;2021;101,6
CC13-0611;2022;103,6
CC13-0611;2023;107,5
CC13-06110;2016;95,5
CC13-06110;2017;96,9
CC13-06110;2018;98,1
CC13-06110;2019;99,5
CC13-06110;2020;100,0
CC13-06110;2021;101,6
CC13-06110;2022;103,6
CC13-06110;2023;107,5
CC13-0612;2016;95,9
CC13-0612;2017;96,1
CC13-0612;2018;95,4
CC13-0612;2019;95,3
CC13-0612;2020;100,0
CC13-0612;2021;101,1
CC13-0612;2022;101,9
CC13-0612;2023;106,8
CC13-06121;2016;97,3
CC13-06121;2017;98,2
CC13-06121;2018;96,8
CC13-06121;2019;97,8
CC13-06121;2020;100,0
CC13-06121;2021;102,0
CC13-06121;2022;104,0
CC13-06121;2023;111,2
CC13-06129;2016;96,4
CC13-06129;2017;96,3
CC13-06129;2018;95,9
CC13-06129;2019;95,4
CC13-06129;2020;100,0
CC13-06129;2021;101,1
CC13-06129;2022;101,8
CC13-06129;2023;106,4
CC13-0613;2016;97,3
CC13-0613;2017;99,3
CC13-0613;2018;99,9
CC13-0613;2019;100,0
CC13-0613;2020;100,0
CC13-0613;2021;101,1
CC13-0613;2022;103,4
CC13-0613;2023;108,2
CC13-06131;2016;97,3
CC13-06131;2017;99,2
CC13-06131;2018;99,6
CC13-06131;2019;99,9
CC13-06131;2020;100,0
CC13-06131;2021;101,0
CC13-06131;2022;102,9
CC13-06131;2023;107,6
CC13-06132;2016;93,9
CC13-06132;2017;97,8
CC13-06132;2018;99,1
CC13-06132;2019;100,4
CC13-06132;2020;100,0
CC13-06132;2021;101,8
CC13-06132;2022;102,8
CC13-06132;2023;104,5
CC13-06133;2016;93,9
CC13-06133;2017;96,2
CC13-06133;2018;97,0
CC13-06133;2019;99,5
CC13-06133;2020;100,0
CC13-06133;2021;99,1
CC13-06133;2022;101,5
CC13-06133;2023;108,1
CC13-06139;2016;103,2
CC13-06139;2017;103,1
CC13-06139;2018;103,7
CC13-06139;2019;100,7
CC13-06139;2020;100,0
CC13-06139;2021;102,9
CC13-06139;2022;107,6
CC13-06139;2023;113,1
CC13-062;2016;98,4
CC13-062;2017;98,9
CC13-062;2018;99,2
CC13-062;2019;100,0
CC13-062;2020;100,0
CC13-062;2021;98,9
CC13-062;2022;99,5
CC13-062;2023;101,0
CC13-0621;2016;100,0
CC13-0621;2017;100,0
CC13-0621;2018;100,0
CC13-0621;2019;100,0
CC13-0621;2020;100,0
CC13-0621;2021;100,0
CC13-0621;2022;100,0
CC13-0621;2023;100,0
CC13-06211;2016;100,0
CC13-06211;2017;100,0
CC13-06211;2018;100,0
CC13-06211;2019;100,0
CC13-06211;2020;100,0
CC13-06211;2021;100,0
CC13-06211;2022;100,0
CC13-06211;2023;100,0
CC13-06212;2016;100,0
CC13-06212;2017;100,0
CC13-06212;2018;100,0
CC13-06212;2019;100,0
CC13-06212;2020;100,0
CC13-06212;2021;100,0
CC13-06212;2022;100,0
CC13-06212;2023;100,0
CC13-0622;2016;98,6
CC13-0622;2017;99,7
CC13-0622;2018;100,1
CC13-0622;2019;100,9
CC13-0622;2020;100,0
CC13-0622;2021;95,8
CC13-0622;2022;96,7
CC13-0622;2023;99,7
CC13-06220;2016;98,6
CC13-06220;2017;99,7
CC13-06220;2018;100,1
CC13-06220;2019;100,9
CC13-06220;2020;100,0
CC13-06220;2021;95,8
CC13-06220;2022;96,7
CC13-06220;2023;99,7
CC13-0623;2016;92,1
CC13-0623;2017;92,9
CC13-0623;2018;94,3
CC13-0623;2019;97,8
CC13-0623;2020;100,0
CC13-0623;2021;101,4
CC13-0623;2022;103,9
CC13-0623;2023;107,3
CC13-06231;2016;100,0
CC13-06231;2017;100,0
CC13-06231;2018;100,0
CC13-06231;2019;100,0
CC13-06231;2020;100,0
CC13-06231;2021;100,0
CC13-06231;2022;100,0
CC13-06231;2023;100,0
CC13-06232;2016;85,5
CC13-06232;2017;86,8
CC13-06232;2018;89,2
CC13-06232;2019;95,8
CC13-06232;2020;100,0
CC13-06232;2021;102,7
CC13-06232;2022;108,0
CC13-06232;2023;114,7
CC13-06239;2016;98,3
CC13-06239;2017;98,6
CC13-06239;2018;98,9
CC13-06239;2019;99,5
CC13-06239;2020;100,0
CC13-06239;2021;100,4
CC13-06239;2022;100,9
CC13-06239;2023;101,9
CC13-063;2016;88,3
CC13-063;2017;91,3
CC13-063;2018;93,9
CC13-063;2019;96,1
CC13-063;2020;100,0
CC13-063;2021;102,4
CC13-063;2022;103,9
CC13-063;2023;107,2
CC13-0630;2016;88,3
CC13-0630;2017;91,3
CC13-0630;2018;93,9
CC13-0630;2019;96,1
CC13-0630;2020;100,0
CC13-0630;2021;102,4
CC13-0630;2022;103,9
CC13-0630;2023;107,2
CC13-06300;2016;88,3
CC13-06300;2017;91,3
CC13-06300;2018;93,9
CC13-06300;2019;96,1
CC13-06300;2020;100,0
CC13-06300;2021;102,4
CC13-06300;2022;103,9
CC13-06300;2023;107,2
CC13-07;2016;95,2
CC13-07;2017;98,0
CC13-07;2018;101,1
CC13-07;2019;102,4
CC13-07;2020;100,0
CC13-07;2021;107,7
CC13-07;2022;120,0
CC13-07;2023;123,6
CC13-071;2016;94,1
CC13-071;2017;95,6
CC13-071;2018;97,2
CC13-071;2019;99,2
CC13-071;2020;100,0
CC13-071;2021;104,4
CC13-071;2022;113,9
CC13-071;2023;121,1
CC13-0711;2016;94,1
CC13-0711;2017;95,5
CC13-0711;2018;97,2
CC13-0711;2019;99,3
CC13-0711;2020;100,0
CC13-0711;2021;104,3
CC13-0711;2022;114,5
CC13-0711;2023;122,7
CC13-07111;2016;93,3
CC13-07111;2017;94,7
CC13-07111;2018;96,6
CC13-07111;2019;99,0
CC13-07111;2020;100,0
CC13-07111;2021;104,6
CC13-07111;2022;110,3
CC13-07111;2023;117,2
CC13-07112;2016;96,8
CC13-07112;2017;98,1
CC13-07112;2018;99,1
CC13-07112;2019;100,1
CC13-07112;2020;100,0
CC13-07112;2021;103,4
CC13-07112;2022;125,3
CC13-07112;2023;137,1
CC13-0712;2016;94,2
CC13-0712;2017;96,3
CC13-0712;2018;97,2
CC13-0712;2019;98,5
CC13-0712;2020;100,0
CC13-0712;2021;104,8
CC13-0712;2022;110,5
CC13-0712;2023;113,3
CC13-07120;2016;94,2
CC13-07120;2017;96,3
CC13-07120;2018;97,2
CC13-07120;2019;98,5
CC13-07120;2020;100,0
CC13-07120;2021;104,8
CC13-07120;2022;110,5
CC13-07120;2023;113,3
CC13-0713;2016;97,4
CC13-0713;2017;98,9
CC13-0713;2018;98,9
CC13-0713;2019;99,7
CC13-0713;2020;100,0
CC13-0713;2021;106,3
CC13-0713;2022;113,5
CC13-0713;2023;113,7
CC13-07130;2016;97,4
CC13-07130;2017;98,9
CC13-07130;2018;98,9
CC13-07130;2019;99,7
CC13-07130;2020;100,0
CC13-07130;2021;106,3
CC13-07130;2022;113,5
CC13-07130;2023;113,7
CC13-072;2016;94,7
CC13-072;2017;98,4
CC13-072;2018;103,1
CC13-072;2019;103,7
CC13-072;2020;100,0
CC13-072;2021;112,0
CC13-072;2022;129,4
CC13-072;2023;129,7
CC13-0721;2016;99,2
CC13-0721;2017;99,8
CC13-0721;2018;99,3
CC13-0721;2019;100,1
CC13-0721;2020;100,0
CC13-0721;2021;102,8
CC13-0721;2022;110,1
CC13-0721;2023;119,4
CC13-07211;2016;97,3
CC13-07211;2017;98,0
CC13-07211;2018;98,6
CC13-07211;2019;99,4
CC13-07211;2020;100,0
CC13-07211;2021;103,6
CC13-07211;2022;113,5
CC13-07211;2023;125,1
CC13-07212;2016;101,8
CC13-07212;2017;102,3
CC13-07212;2018;100,5
CC13-07212;2019;101,7
CC13-07212;2020;100,0
CC13-07212;2021;102,1
CC13-07212;2022;107,3
CC13-07212;2023;114,5
CC13-07213;2016;99,5
CC13-07213;2017;100,4
CC13-07213;2018;100,3
CC13-07213;2019;100,0
CC13-07213;2020;100,0
CC13-07213;2021;102,1
CC13-07213;2022;107,4
CC13-07213;2023;114,9
CC13-0722;2016;98,6
CC13-0722;2017;104,5
CC13-0722;2018;112,6
CC13-0722;2019;110,9
CC13-0722;2020;100,0
CC13-0722;2021;122,3
CC13-0722;2022;154,2
CC13-0722;2023;145,5
CC13-07221;2016;95,1
CC13-07221;2017;102,5
CC13-07221;2018;114,2
CC13-07221;2019;112,4
CC13-07221;2020;100,0
CC13-07221;2021;124,0
CC13-07221;2022;173,2
CC13-07221;2023;153,7
CC13-07222;2016;100,1
CC13-07222;2017;105,5
CC13-07222;2018;112,5
CC13-07222;2019;110,6
CC13-07222;2020;100,0
CC13-07222;2021;122,1
CC13-07222;2022;148,7
CC13-07222;2023;142,8
CC13-07223;2016;92,1
CC13-07223;2017;97,7
CC13-07223;2018;103,5
CC13-07223;2019;103,9
CC13-07223;2020;100,0
CC13-07223;2021;122,2
CC13-07223;2022;174,7
CC13-07223;2023;180,0
CC13-07224;2016;97,1
CC13-07224;2017;96,4
CC13-07224;2018;98,2
CC13-07224;2019;100,4
CC13-07224;2020;100,0
CC13-07224;2021;103,0
CC13-07224;2022;111,4
CC13-07224;2023;119,2
CC13-0723;2016;87,1
CC13-0723;2017;90,0
CC13-0723;2018;92,7
CC13-0723;2019;96,9
CC13-0723;2020;100,0
CC13-0723;2021;104,4
CC13-0723;2022;110,8
CC13-0723;2023;120,1
CC13-07230;2016;87,1
CC13-07230;2017;90,0
CC13-07230;2018;92,7
CC13-07230;2019;96,9
CC13-07230;2020;100,0
CC13-07230;2021;104,4
CC13-07230;2022;110,8
CC13-07230;2023;120,1
CC13-0724;2016;94,2
CC13-0724;2017;95,1
CC13-0724;2018;96,9
CC13-0724;2019;98,3
CC13-0724;2020;100,0
CC13-0724;2021;104,2
CC13-0724;2022;109,3
CC13-0724;2023;112,7
CC13-07241;2016;99,4
CC13-07241;2017;101,1
CC13-07241;2018;102,0
CC13-07241;2019;98,1
CC13-07241;2020;100,0
CC13-07241;2021;110,8
CC13-07241;2022;131,4
CC13-07241;2023;129,9
CC13-07242;2016;91,5
CC13-07242;2017;93,0
CC13-07242;2018;95,3
CC13-07242;2019;97,3
CC13-07242;2020;100,0
CC13-07242;2021;103,0
CC13-07242;2022;108,5
CC13-07242;2023;116,2
CC13-07243;2016;93,5
CC13-07243;2017;94,2
CC13-07243;2018;96,1
CC13-07243;2019;98,5
CC13-07243;2020;100,0
CC13-07243;2021;103,5
CC13-07243;2022;106,9
CC13-07243;2023;110,4
CC13-073;2016;99,8
CC13-073;2017;101,8
CC13-073;2018;102,6
CC13-073;2019;104,8
CC13-073;2020;100,0
CC13-073;2021;100,5
CC13-073;2022;102,4
CC13-073;2023;109,4
CC13-0731;2016;108,1
CC13-0731;2017;111,0
CC13-0731;2018;113,5
CC13-0731;2019;114,3
CC13-0731;2020;100,0
CC13-0731;2021;96,8
CC13-0731;2022;92,1
CC13-0731;2023;95,6
CC13-07311;2016;108,1
CC13-07311;2017;111,0
CC13-07311;2018;113,5
CC13-07311;2019;114,3
CC13-07311;2020;100,0
CC13-07311;2021;96,8
CC13-07311;2022;92,1
CC13-07311;2023;95,6
CC13-0732;2016;89,7
CC13-0732;2017;92,0
CC13-0732;2018;93,1
CC13-0732;2019;97,9
CC13-0732;2020;100,0
CC13-0732;2021;101,8
CC13-0732;2022;108,9
CC13-0732;2023;120,5
CC13-07321;2016;87,4
CC13-07321;2017;92,5
CC13-07321;2018;93,3
CC13-07321;2019;104,2
CC13-07321;2020;.
CC13-07321;2021;.
CC13-07321;2022;.
CC13-07321;2023;.
CC13-07322;2016;92,5
CC13-07322;2017;93,5
CC13-07322;2018;94,8
CC13-07322;2019;97,0
CC13-07322;2020;.
CC13-07322;2021;.
CC13-07322;2022;.
CC13-07322;2023;.
CC13-0733;2016;93,6
CC13-0733;2017;95,0
CC13-0733;2018;92,8
CC13-0733;2019;95,5
CC13-0733;2020;100,0
CC13-0733;2021;102,4
CC13-0733;2022;132,5
CC13-0733;2023;148,8
CC13-07331;2016;97,2
CC13-07331;2017;97,0
CC13-07331;2018;95,2
CC13-07331;2019;94,9
CC13-07331;2020;100,0
CC13-07331;2021;109,2
CC13-07331;2022;117,9
CC13-07331;2023;117,1
CC13-07332;2016;93,3
CC13-07332;2017;94,8
CC13-07332;2018;92,6
CC13-07332;2019;95,6
CC13-07332;2020;100,0
CC13-07332;2021;101,9
CC13-07332;2022;133,5
CC13-07332;2023;151,0
CC13-0734;2016;89,8
CC13-0734;2017;94,8
CC13-0734;2018;95,6
CC13-0734;2019;97,7
CC13-0734;2020;100,0
CC13-0734;2021;104,5
CC13-0734;2022;111,2
CC13-0734;2023;117,5
CC13-07341;2016;89,0
CC13-07341;2017;97,0
CC13-07341;2018;96,6
CC13-07341;2019;98,7
CC13-07341;2020;100,0
CC13-07341;2021;107,5
CC13-07341;2022;111,2
CC13-07341;2023;113,6
CC13-07342;2016;90,5
CC13-07342;2017;92,8
CC13-07342;2018;94,8
CC13-07342;2019;96,9
CC13-07342;2020;100,0
CC13-07342;2021;101,8
CC13-07342;2022;111,3
CC13-07342;2023;120,9
CC13-0735;2016;93,7
CC13-0735;2017;95,2
CC13-0735;2018;96,8
CC13-0735;2019;98,6
CC13-0735;2020;100,0
CC13-0735;2021;101,6
CC13-0735;2022;87,0
CC13-0735;2023;89,2
CC13-07350;2016;93,7
CC13-07350;2017;95,2
CC13-07350;2018;96,8
CC13-07350;2019;98,6
CC13-07350;2020;100,0
CC13-07350;2021;101,6
CC13-07350;2022;87,0
CC13-07350;2023;89,2
CC13-0736;2016;90,2
CC13-0736;2017;91,6
CC13-0736;2018;94,5
CC13-0736;2019;97,9
CC13-0736;2020;100,0
CC13-0736;2021;103,8
CC13-0736;2022;112,6
CC13-0736;2023;122,5
CC13-07362;2016;90,2
CC13-07362;2017;91,6
CC13-07362;2018;94,5
CC13-07362;2019;97,9
CC13-07362;2020;100,0
CC13-07362;2021;103,8
CC13-07362;2022;112,6
CC13-07362;2023;122,5
CC13-08;2016;105,2
CC13-08;2017;103,9
CC13-08;2018;102,8
CC13-08;2019;102,1
CC13-08;2020;100,0
CC13-08;2021;99,4
CC13-08;2022;99,4
CC13-08;2023;99,8
CC13-081;2016;92,1
CC13-081;2017;93,2
CC13-081;2018;93,2
CC13-081;2019;96,6
CC13-081;2020;100,0
CC13-081;2021;99,5
CC13-081;2022;102,5
CC13-081;2023;104,2
CC13-0810;2016;92,1
CC13-0810;2017;93,2
CC13-0810;2018;93,2
CC13-0810;2019;96,6
CC13-0810;2020;100,0
CC13-0810;2021;99,5
CC13-0810;2022;102,5
CC13-0810;2023;104,2
CC13-08101;2016;90,3
CC13-08101;2017;90,3
CC13-08101;2018;90,3
CC13-08101;2019;95,1
CC13-08101;2020;100,0
CC13-08101;2021;100,0
CC13-08101;2022;104,3
CC13-08101;2023;104,8
CC13-08109;2016;94,7
CC13-08109;2017;97,2
CC13-08109;2018;97,2
CC13-08109;2019;98,8
CC13-08109;2020;100,0
CC13-08109;2021;98,9
CC13-08109;2022;100,6
CC13-08109;2023;103,7
CC13-082;2016;125,4
CC13-082;2017;120,1
CC13-082;2018;115,2
CC13-082;2019;107,5
CC13-082;2020;100,0
CC13-082;2021;96,4
CC13-082;2022;100,3
CC13-082;2023;100,8
CC13-0820;2016;125,4
CC13-0820;2017;120,1
CC13-0820;2018;115,2
CC13-0820;2019;107,5
CC13-0820;2020;100,0
CC13-0820;2021;96,4
CC13-0820;2022;100,3
CC13-0820;2023;100,8
CC13-08201;2016;104,6
CC13-08201;2017;103,2
CC13-08201;2018;102,1
CC13-08201;2019;101,0
CC13-08201;2020;100,0
CC13-08201;2021;100,5
CC13-08201;2022;102,9
CC13-08201;2023;106,6
CC13-08202;2016;130,3
CC13-08202;2017;123,9
CC13-08202;2018;117,9
CC13-08202;2019;108,1
CC13-08202;2020;100,0
CC13-08202;2021;96,7
CC13-08202;2022;103,8
CC13-08202;2023;101,9
CC13-08203;2016;-
CC13-08203;2017;-
CC13-08203;2018;-
CC13-08203;2019;-
CC13-08203;2020;100,0
CC13-08203;2021;94,5
CC13-08203;2022;93,0
CC13-08203;2023;97,3
CC13-08204;2016;-
CC13-08204;2017;-
CC13-08204;2018;-
CC13-08204;2019;-
CC13-08204;2020;100,0
CC13-08204;2021;99,7
CC13-08204;2022;99,9
CC13-08204;2023;101,6
CC13-083;2016;104,2
CC13-083;2017;103,2
CC13-083;2018;102,3
CC13-083;2019;101,9
CC13-083;2020;100,0
CC13-083;2021;100,1
CC13-083;2022;98,8
CC13-083;2023;98,9
CC13-0830;2016;104,2
CC13-0830;2017;103,2
CC13-0830;2018;102,3
CC13-0830;2019;101,9
CC13-0830;2020;100,0
CC13-0830;2021;100,1
CC13-0830;2022;98,8
CC13-0830;2023;98,9
CC13-08301;2016;97,1
CC13-08301;2017;97,8
CC13-08301;2018;98,4
CC13-08301;2019;99,0
CC13-08301;2020;100,0
CC13-08301;2021;101,0
CC13-08301;2022;101,0
CC13-08301;2023;103,0
CC13-08302;2016;106,5
CC13-08302;2017;104,8
CC13-08302;2018;103,2
CC13-08302;2019;102,4
CC13-08302;2020;100,0
CC13-08302;2021;99,4
CC13-08302;2022;97,0
CC13-08302;2023;95,4
CC13-08303;2016;105,5
CC13-08303;2017;105,3
CC13-08303;2018;103,7
CC13-08303;2019;101,8
CC13-08303;2020;100,0
CC13-08303;2021;100,1
CC13-08303;2022;99,4
CC13-08303;2023;97,8
CC13-08304;2016;103,1
CC13-08304;2017;102,3
CC13-08304;2018;102,0
CC13-08304;2019;101,8
CC13-08304;2020;100,0
CC13-08304;2021;100,7
CC13-08304;2022;100,5
CC13-08304;2023;102,2
CC13-09;2016;97,1
CC13-09;2017;98,4
CC13-09;2018;99,7
CC13-09;2019;100,3
CC13-09;2020;100,0
CC13-09;2021;102,9
CC13-09;2022;107,9
CC13-09;2023;114,0
CC13-091;2016;114,1
CC13-091;2017;112,0
CC13-091;2018;107,3
CC13-091;2019;103,7
CC13-091;2020;100,0
CC13-091;2021;100,9
CC13-091;2022;103,6
CC13-091;2023;103,9
CC13-0911;2016;121,6
CC13-0911;2017;116,9
CC13-0911;2018;110,7
CC13-0911;2019;104,5
CC13-0911;2020;100,0
CC13-0911;2021;99,2
CC13-0911;2022;97,4
CC13-0911;2023;99,2
CC13-09111;2016;107,8
CC13-09111;2017;107,0
CC13-09111;2018;103,5
CC13-09111;2019;102,5
CC13-09111;2020;100,0
CC13-09111;2021;103,1
CC13-09111;2022;105,2
CC13-09111;2023;109,1
CC13-09112;2016;132,5
CC13-09112;2017;124,7
CC13-09112;2018;116,3
CC13-09112;2019;106,8
CC13-09112;2020;100,0
CC13-09112;2021;97,3
CC13-09112;2022;93,8
CC13-09112;2023;91,0
CC13-09113;2016;98,8
CC13-09113;2017;101,1
CC13-09113;2018;103,7
CC13-09113;2019;102,0
CC13-09113;2020;100,0
CC13-09113;2021;92,3
CC13-09113;2022;91,3
CC13-09113;2023;95,9
CC13-09119;2016;103,8
CC13-09119;2017;106,1
CC13-09119;2018;103,0
CC13-09119;2019;100,9
CC13-09119;2020;100,0
CC13-09119;2021;100,0
CC13-09119;2022;98,9
CC13-09119;2023;104,6
CC13-0912;2016;99,2
CC13-0912;2017;101,7
CC13-0912;2018;101,7
CC13-0912;2019;100,0
CC13-0912;2020;100,0
CC13-0912;2021;111,7
CC13-0912;2022;124,3
CC13-0912;2023;130,4
CC13-09121;2016;101,3
CC13-09121;2017;103,2
CC13-09121;2018;102,3
CC13-09121;2019;99,3
CC13-09121;2020;100,0
CC13-09121;2021;113,0
CC13-09121;2022;128,2
CC13-09121;2023;138,4
CC13-09122;2016;96,0
CC13-09122;2017;100,3
CC13-09122;2018;102,1
CC13-09122;2019;102,0
CC13-09122;2020;100,0
CC13-09122;2021;111,8
CC13-09122;2022;121,2
CC13-09122;2023;120,6
CC13-09123;2016;94,4
CC13-09123;2017;96,7
CC13-09123;2018;97,3
CC13-09123;2019;98,9
CC13-09123;2020;100,0
CC13-09123;2021;103,1
CC13-09123;2022;107,3
CC13-09123;2023;108,1
CC13-0913;2016;118,9
CC13-0913;2017;115,5
CC13-0913;2018;109,2
CC13-0913;2019;105,0
CC13-0913;2020;100,0
CC13-0913;2021;102,5
CC13-0913;2022;108,9
CC13-0913;2023;105,5
CC13-09131;2016;122,0
CC13-09131;2017;117,6
CC13-09131;2018;111,7
CC13-09131;2019;105,4
CC13-09131;2020;100,0
CC13-09131;2021;102,5
CC13-09131;2022;111,4
CC13-09131;2023;106,5
CC13-09132;2016;122,8
CC13-09132;2017;118,0
CC13-09132;2018;109,3
CC13-09132;2019;105,2
CC13-09132;2020;100,0
CC13-09132;2021;104,3
CC13-09132;2022;108,1
CC13-09132;2023;103,3
CC13-09133;2016;92,9
CC13-09133;2017;98,7
CC13-09133;2018;92,7
CC13-09133;2019;102,6
CC13-09133;2020;100,0
CC13-09133;2021;98,6
CC13-09133;2022;93,2
CC13-09133;2023;102,6
CC13-0914;2016;95,3
CC13-0914;2017;98,5
CC13-0914;2018;97,5
CC13-0914;2019;99,0
CC13-0914;2020;100,0
CC13-0914;2021;98,1
CC13-0914;2022;101,8
CC13-0914;2023;105,2
CC13-09141;2016;89,5
CC13-09141;2017;92,1
CC13-09141;2018;90,6
CC13-09141;2019;96,8
CC13-09141;2020;100,0
CC13-09141;2021;98,0
CC13-09141;2022;100,9
CC13-09141;2023;104,0
CC13-09142;2016;106,9
CC13-09142;2017;107,2
CC13-09142;2018;108,4
CC13-09142;2019;107,4
CC13-09142;2020;100,0
CC13-09142;2021;98,7
CC13-09142;2022;113,6
CC13-09142;2023;123,1
CC13-09149;2016;117,5
CC13-09149;2017;124,0
CC13-09149;2018;124,5
CC13-09149;2019;106,8
CC13-09149;2020;100,0
CC13-09149;2021;98,2
CC13-09149;2022;103,6
CC13-09149;2023;106,9
CC13-0915;2016;93,7
CC13-0915;2017;95,2
CC13-0915;2018;97,0
CC13-0915;2019;98,2
CC13-0915;2020;100,0
CC13-0915;2021;102,4
CC13-0915;2022;106,8
CC13-0915;2023;112,8
CC13-09150;2016;93,7
CC13-09150;2017;95,2
CC13-09150;2018;97,0
CC13-09150;2019;98,2
CC13-09150;2020;100,0
CC13-09150;2021;102,4
CC13-09150;2022;106,8
CC13-09150;2023;112,8
CC13-092;2016;95,0
CC13-092;2017;97,4
CC13-092;2018;99,3
CC13-092;2019;100,3
CC13-092;2020;100,0
CC13-092;2021;103,6
CC13-092;2022;111,4
CC13-092;2023;119,7
CC13-0921;2016;95,3
CC13-0921;2017;97,5
CC13-0921;2018;98,9
CC13-0921;2019;100,1
CC13-0921;2020;100,0
CC13-0921;2021;105,5
CC13-0921;2022;115,7
CC13-0921;2023;125,0
CC13-09211;2016;94,5
CC13-09211;2017;96,8
CC13-09211;2018;98,2
CC13-09211;2019;99,6
CC13-09211;2020;100,0
CC13-09211;2021;104,8
CC13-09211;2022;116,8
CC13-09211;2023;129,7
CC13-09213;2016;96,5
CC13-09213;2017;98,7
CC13-09213;2018;98,4
CC13-09213;2019;100,5
CC13-09213;2020;100,0
CC13-09213;2021;106,1
CC13-09213;2022;111,8
CC13-09213;2023;113,3
CC13-09214;2016;118,4
CC13-09214;2017;118,2
CC13-09214;2018;113,7
CC13-09214;2019;106,9
CC13-09214;2020;100,0
CC13-09214;2021;111,2
CC13-09214;2022;112,8
CC13-09214;2023;108,9
CC13-09215;2016;101,9
CC13-09215;2017;101,7
CC13-09215;2018;100,6
CC13-09215;2019;101,5
CC13-09215;2020;100,0
CC13-09215;2021;102,7
CC13-09215;2022;113,6
CC13-09215;2023;116,6
CC13-0922;2016;99,2
CC13-0922;2017;100,1
CC13-0922;2018;100,0
CC13-0922;2019;100,5
CC13-0922;2020;100,0
CC13-0922;2021;100,2
CC13-0922;2022;104,1
CC13-0922;2023;109,3
CC13-09221;2016;99,2
CC13-09221;2017;100,1
CC13-09221;2018;100,0
CC13-09221;2019;100,5
CC13-09221;2020;100,0
CC13-09221;2021;100,2
CC13-09221;2022;104,1
CC13-09221;2023;109,3
CC13-0923;2016;90,4
CC13-0923;2017;95,1
CC13-0923;2018;101,3
CC13-0923;2019;101,3
CC13-0923;2020;100,0
CC13-0923;2021;101,3
CC13-0923;2022;103,3
CC13-0923;2023;120,1
CC13-09230;2016;90,4
CC13-09230;2017;95,1
CC13-09230;2018;101,3
CC13-09230;2019;101,3
CC13-09230;2020;100,0
CC13-09230;2021;101,3
CC13-09230;2022;103,3
CC13-09230;2023;120,1
CC13-093;2016;93,9
CC13-093;2017;96,1
CC13-093;2018;98,1
CC13-093;2019;99,2
CC13-093;2020;100,0
CC13-093;2021;102,8
CC13-093;2022;109,3
CC13-093;2023;119,9
CC13-0931;2016;92,6
CC13-0931;2017;96,7
CC13-0931;2018;99,4
CC13-0931;2019;99,2
CC13-0931;2020;100,0
CC13-0931;2021;100,6
CC13-0931;2022;103,2
CC13-0931;2023;105,9
CC13-09311;2016;97,4
CC13-09311;2017;95,0
CC13-09311;2018;96,9
CC13-09311;2019;98,6
CC13-09311;2020;100,0
CC13-09311;2021;98,0
CC13-09311;2022;99,9
CC13-09311;2023;103,0
CC13-09312;2016;88,2
CC13-09312;2017;98,1
CC13-09312;2018;101,7
CC13-09312;2019;99,7
CC13-09312;2020;100,0
CC13-09312;2021;103,1
CC13-09312;2022;106,4
CC13-09312;2023;108,8
CC13-0932;2016;95,3
CC13-0932;2017;96,1
CC13-0932;2018;97,6
CC13-0932;2019;98,5
CC13-0932;2020;100,0
CC13-0932;2021;103,2
CC13-0932;2022;107,1
CC13-0932;2023;108,7
CC13-09321;2016;94,9
CC13-09321;2017;95,1
CC13-09321;2018;96,6
CC13-09321;2019;97,3
CC13-09321;2020;100,0
CC13-09321;2021;103,4
CC13-09321;2022;106,8
CC13-09321;2023;107,6
CC13-09322;2016;97,5
CC13-09322;2017;101,0
CC13-09322;2018;102,4
CC13-09322;2019;104,3
CC13-09322;2020;100,0
CC13-09322;2021;102,2
CC13-09322;2022;108,7
CC13-09322;2023;114,3
CC13-0933;2016;92,4
CC13-0933;2017;94,8
CC13-0933;2018;96,9
CC13-0933;2019;98,9
CC13-0933;2020;100,0
CC13-0933;2021;105,1
CC13-0933;2022;112,9
CC13-0933;2023;122,0
CC13-09331;2016;94,2
CC13-09331;2017;95,9
CC13-09331;2018;98,5
CC13-09331;2019;99,5
CC13-09331;2020;100,0
CC13-09331;2021;102,9
CC13-09331;2022;112,0
CC13-09331;2023;122,6
CC13-09332;2016;91,6
CC13-09332;2017;94,3
CC13-09332;2018;96,1
CC13-09332;2019;98,6
CC13-09332;2020;100,0
CC13-09332;2021;106,1
CC13-09332;2022;113,3
CC13-09332;2023;121,7
CC13-0934;2016;97,3
CC13-0934;2017;97,4
CC13-0934;2018;97,7
CC13-0934;2019;99,1
CC13-0934;2020;100,0
CC13-0934;2021;101,8
CC13-0934;2022;111,9
CC13-0934;2023;127,8
CC13-09341;2016;89,8
CC13-09341;2017;91,1
CC13-09341;2018;95,2
CC13-09341;2019;99,3
CC13-09341;2020;100,0
CC13-09341;2021;106,4
CC13-09341;2022;113,9
CC13-09341;2023;121,9
CC13-09342;2016;97,7
CC13-09342;2017;97,8
CC13-09342;2018;97,9
CC13-09342;2019;99,1
CC13-09342;2020;100,0
CC13-09342;2021;101,5
CC13-09342;2022;111,7
CC13-09342;2023;128,2
CC13-0935;2016;90,4
CC13-0935;2017;95,1
CC13-0935;2018;101,3
CC13-0935;2019;101,3
CC13-0935;2020;100,0
CC13-0935;2021;101,3
CC13-0935;2022;105,4
CC13-0935;2023;139,3
CC13-09350;2016;90,4
CC13-09350;2017;95,1
CC13-09350;2018;101,3
CC13-09350;2019;101,3
CC13-09350;2020;100,0
CC13-09350;2021;101,3
CC13-09350;2022;105,4
CC13-09350;2023;139,3
CC13-094;2016;95,8
CC13-094;2017;96,7
CC13-094;2018;97,7
CC13-094;2019;98,3
CC13-094;2020;100,0
CC13-094;2021;103,8
CC13-094;2022;106,3
CC13-094;2023;109,4
CC13-0941;2016;93,9
CC13-0941;2017;95,3
CC13-0941;2018;97,1
CC13-0941;2019;98,4
CC13-0941;2020;100,0
CC13-0941;2021;101,5
CC13-0941;2022;105,5
CC13-0941;2023;110,7
CC13-09411;2016;93,6
CC13-09411;2017;95,7
CC13-09411;2018;97,3
CC13-09411;2019;99,6
CC13-09411;2020;100,0
CC13-09411;2021;102,1
CC13-09411;2022;108,2
CC13-09411;2023;113,1
CC13-09412;2016;94,0
CC13-09412;2017;95,2
CC13-09412;2018;97,1
CC13-09412;2019;98,2
CC13-09412;2020;100,0
CC13-09412;2021;101,4
CC13-09412;2022;104,9
CC13-09412;2023;110,2
CC13-0942;2016;97,3
CC13-0942;2017;98,1
CC13-0942;2018;98,7
CC13-0942;2019;99,3
CC13-0942;2020;100,0
CC13-0942;2021;101,9
CC13-0942;2022;104,8
CC13-0942;2023;107,2
CC13-09421;2016;94,7
CC13-09421;2017;96,4
CC13-09421;2018;98,0
CC13-09421;2019;99,6
CC13-09421;2020;100,0
CC13-09421;2021;100,1
CC13-09421;2022;103,8
CC13-09421;2023;108,3
CC13-09422;2016;90,9
CC13-09422;2017;93,2
CC13-09422;2018;95,2
CC13-09422;2019;97,2
CC13-09422;2020;100,0
CC13-09422;2021;102,5
CC13-09422;2022;105,6
CC13-09422;2023;110,8
CC13-09423;2016;100,1
CC13-09423;2017;100,2
CC13-09423;2018;99,7
CC13-09423;2019;99,3
CC13-09423;2020;100,0
CC13-09423;2021;102,6
CC13-09423;2022;104,9
CC13-09423;2023;105,7
CC13-09425;2016;99,0
CC13-09425;2017;99,1
CC13-09425;2018;102,1
CC13-09425;2019;102,7
CC13-09425;2020;100,0
CC13-09425;2021;101,6
CC13-09425;2022;107,4
CC13-09425;2023;111,2
CC13-0943;2016;95,3
CC13-0943;2017;95,7
CC13-0943;2018;96,6
CC13-0943;2019;96,5
CC13-0943;2020;100,0
CC13-0943;2021;109,6
CC13-0943;2022;109,9
CC13-0943;2023;111,5
CC13-09430;2016;95,3
CC13-09430;2017;95,7
CC13-09430;2018;96,6
CC13-09430;2019;96,5
CC13-09430;2020;100,0
CC13-09430;2021;109,6
CC13-09430;2022;109,9
CC13-09430;2023;111,5
CC13-095;2016;89,9
CC13-095;2017;92,3
CC13-095;2018;94,6
CC13-095;2019;97,9
CC13-095;2020;100,0
CC13-095;2021;102,8
CC13-095;2022;107,6
CC13-095;2023;114,3
CC13-0951;2016;93,2
CC13-0951;2017;94,8
CC13-0951;2018;96,0
CC13-0951;2019;99,3
CC13-0951;2020;100,0
CC13-0951;2021;102,3
CC13-0951;2022;105,1
CC13-0951;2023;110,6
CC13-09511;2016;91,9
CC13-09511;2017;93,4
CC13-09511;2018;95,8
CC13-09511;2019;98,7
CC13-09511;2020;100,0
CC13-09511;2021;101,6
CC13-09511;2022;105,2
CC13-09511;2023;110,4
CC13-09512;2016;91,3
CC13-09512;2017;93,3
CC13-09512;2018;95,3
CC13-09512;2019;97,5
CC13-09512;2020;100,0
CC13-09512;2021;101,4
CC13-09512;2022;103,1
CC13-09512;2023;108,7
CC13-09513;2016;94,5
CC13-09513;2017;95,7
CC13-09513;2018;95,3
CC13-09513;2019;99,4
CC13-09513;2020;100,0
CC13-09513;2021;102,4
CC13-09513;2022;104,8
CC13-09513;2023;110,7
CC13-09514;2016;97,4
CC13-09514;2017;101,4
CC13-09514;2018;103,1
CC13-09514;2019;106,8
CC13-09514;2020;100,0
CC13-09514;2021;105,6
CC13-09514;2022;107,7
CC13-09514;2023;112,5
CC13-0952;2016;83,4
CC13-0952;2017;87,3
CC13-0952;2018;91,3
CC13-0952;2019;95,9
CC13-0952;2020;100,0
CC13-0952;2021;104,4
CC13-0952;2022;109,6
CC13-0952;2023;116,8
CC13-09521;2016;82,2
CC13-09521;2017;86,3
CC13-09521;2018;90,5
CC13-09521;2019;95,4
CC13-09521;2020;100,0
CC13-09521;2021;104,7
CC13-09521;2022;109,8
CC13-09521;2023;116,8
CC13-09522;2016;86,7
CC13-09522;2017;90,3
CC13-09522;2018;93,5
CC13-09522;2019;97,0
CC13-09522;2020;100,0
CC13-09522;2021;103,9
CC13-09522;2022;109,2
CC13-09522;2023;116,9
CC13-0953;2016;96,1
CC13-0953;2017;96,3
CC13-0953;2018;97,3
CC13-0953;2019;99,0
CC13-0953;2020;100,0
CC13-0953;2021;100,5
CC13-0953;2022;104,5
CC13-0953;2023;109,4
CC13-09530;2016;96,1
CC13-09530;2017;96,3
CC13-09530;2018;97,3
CC13-09530;2019;99,0
CC13-09530;2020;100,0
CC13-09530;2021;100,5
CC13-09530;2022;104,5
CC13-09530;2023;109,4
CC13-0954;2016;93,4
CC13-0954;2017;96,5
CC13-0954;2018;97,7
CC13-0954;2019;99,3
CC13-0954;2020;100,0
CC13-0954;2021;102,7
CC13-0954;2022;111,1
CC13-0954;2023;121,3
CC13-09541;2016;95,7
CC13-09541;2017;97,6
CC13-09541;2018;97,6
CC13-09541;2019;100,3
CC13-09541;2020;100,0
CC13-09541;2021;103,7
CC13-09541;2022;121,6
CC13-09541;2023;138,9
CC13-09549;2016;92,6
CC13-09549;2017;96,1
CC13-09549;2018;97,8
CC13-09549;2019;99,1
CC13-09549;2020;100,0
CC13-09549;2021;102,4
CC13-09549;2022;108,1
CC13-09549;2023;116,3
CC13-096;2016;97,2
CC13-096;2017;99,6
CC13-096;2018;102,8
CC13-096;2019;103,2
CC13-096;2020;100,0
CC13-096;2021;103,7
CC13-096;2022;113,7
CC13-096;2023;124,0
CC13-0960;2016;97,2
CC13-0960;2017;99,6
CC13-0960;2018;102,8
CC13-0960;2019;103,2
CC13-0960;2020;100,0
CC13-0960;2021;103,7
CC13-0960;2022;113,7
CC13-0960;2023;124,0
CC13-09601;2016;92,1
CC13-09601;2017;94,8
CC13-09601;2018;97,6
CC13-09601;2019;99,9
CC13-09601;2020;100,0
CC13-09601;2021;99,9
CC13-09601;2022;106,8
CC13-09601;2023;117,5
CC13-09602;2016;97,5
CC13-09602;2017;99,9
CC13-09602;2018;103,1
CC13-09602;2019;103,4
CC13-09602;2020;100,0
CC13-09602;2021;104,0
CC13-09602;2022;114,2
CC13-09602;2023;124,4
CC13-10;2016;98,8
CC13-10;2017;99,6
CC13-10;2018;100,5
CC13-10;2019;100,2
CC13-10;2020;100,0
CC13-10;2021;102,5
CC13-10;2022;104,9
CC13-10;2023;108,9
CC13-101;2016;108,2
CC13-101;2017;108,4
CC13-101;2018;108,1
CC13-101;2019;102,7
CC13-101;2020;100,0
CC13-101;2021;103,5
CC13-101;2022;105,8
CC13-101;2023;109,4
CC13-1010;2016;108,2
CC13-1010;2017;108,4
CC13-1010;2018;108,1
CC13-1010;2019;102,7
CC13-1010;2020;100,0
CC13-1010;2021;103,5
CC13-1010;2022;105,8
CC13-1010;2023;109,4
CC13-10101;2016;111,7
CC13-10101;2017;111,7
CC13-10101;2018;110,9
CC13-10101;2019;103,6
CC13-10101;2020;100,0
CC13-10101;2021;103,7
CC13-10101;2022;106,2
CC13-10101;2023;109,7
CC13-10102;2016;91,2
CC13-10102;2017;92,7
CC13-10102;2018;94,7
CC13-10102;2019;98,4
CC13-10102;2020;100,0
CC13-10102;2021;101,7
CC13-10102;2022;102,8
CC13-10102;2023;107,3
CC13-102;2016;95,4
CC13-102;2017;96,5
CC13-102;2018;97,8
CC13-102;2019;99,8
CC13-102;2020;100,0
CC13-102;2021;101,3
CC13-102;2022;102,4
CC13-102;2023;105,1
CC13-1020;2016;95,4
CC13-1020;2017;96,5
CC13-1020;2018;97,8
CC13-1020;2019;99,8
CC13-1020;2020;100,0
CC13-1020;2021;101,3
CC13-1020;2022;102,4
CC13-1020;2023;105,1
CC13-10200;2016;95,4
CC13-10200;2017;96,5
CC13-10200;2018;97,8
CC13-10200;2019;99,8
CC13-10200;2020;100,0
CC13-10200;2021;101,3
CC13-10200;2022;102,4
CC13-10200;2023;105,1
CC13-104;2016;93,4
CC13-104;2017;94,3
CC13-104;2018;96,4
CC13-104;2019;99,3
CC13-104;2020;100,0
CC13-104;2021;101,1
CC13-104;2022;103,6
CC13-104;2023;109,5
CC13-1040;2016;93,4
CC13-1040;2017;94,3
CC13-1040;2018;96,4
CC13-1040;2019;99,3
CC13-1040;2020;100,0
CC13-1040;2021;101,1
CC13-1040;2022;103,6
CC13-1040;2023;109,5
CC13-10400;2016;93,4
CC13-10400;2017;94,3
CC13-10400;2018;96,4
CC13-10400;2019;99,3
CC13-10400;2020;100,0
CC13-10400;2021;101,1
CC13-10400;2022;103,6
CC13-10400;2023;109,5
CC13-105;2016;93,7
CC13-105;2017;95,1
CC13-105;2018;96,3
CC13-105;2019;98,3
CC13-105;2020;100,0
CC13-105;2021;102,2
CC13-105;2022;105,4
CC13-105;2023;110,1
CC13-1050;2016;93,7
CC13-1050;2017;95,1
CC13-1050;2018;96,3
CC13-1050;2019;98,3
CC13-1050;2020;100,0
CC13-1050;2021;102,2
CC13-1050;2022;105,4
CC13-1050;2023;110,1
CC13-10500;2016;93,7
CC13-10500;2017;95,1
CC13-10500;2018;96,3
CC13-10500;2019;98,3
CC13-10500;2020;100,0
CC13-10500;2021;102,2
CC13-10500;2022;105,4
CC13-10500;2023;110,1
CC13-11;2016;91,5
CC13-11;2017;93,4
CC13-11;2018;95,5
CC13-11;2019;98,0
CC13-11;2020;100,0
CC13-11;2021;102,7
CC13-11;2022;110,5
CC13-11;2023;119,5
CC13-111;2016;91,2
CC13-111;2017;93,1
CC13-111;2018;95,1
CC13-111;2019;97,7
CC13-111;2020;100,0
CC13-111;2021;102,9
CC13-111;2022;110,6
CC13-111;2023;119,8
CC13-1111;2016;91,3
CC13-1111;2017;93,2
CC13-1111;2018;95,3
CC13-1111;2019;97,7
CC13-1111;2020;100,0
CC13-1111;2021;103,0
CC13-1111;2022;111,1
CC13-1111;2023;120,4
CC13-11111;2016;90,8
CC13-11111;2017;92,7
CC13-11111;2018;95,0
CC13-11111;2019;97,7
CC13-11111;2020;100,0
CC13-11111;2021;102,7
CC13-11111;2022;110,1
CC13-11111;2023;118,4
CC13-11112;2016;91,8
CC13-11112;2017;93,7
CC13-11112;2018;95,5
CC13-11112;2019;97,7
CC13-11112;2020;100,0
CC13-11112;2021;103,4
CC13-11112;2022;112,3
CC13-11112;2023;122,9
CC13-1112;2016;90,8
CC13-1112;2017;92,2
CC13-1112;2018;94,1
CC13-1112;2019;97,5
CC13-1112;2020;100,0
CC13-1112;2021;101,7
CC13-1112;2022;106,8
CC13-1112;2023;114,6
CC13-11120;2016;90,8
CC13-11120;2017;92,2
CC13-11120;2018;94,1
CC13-11120;2019;97,5
CC13-11120;2020;100,0
CC13-11120;2021;101,7
CC13-11120;2022;106,8
CC13-11120;2023;114,6
CC13-112;2016;92,6
CC13-112;2017;94,8
CC13-112;2018;96,8
CC13-112;2019;98,9
CC13-112;2020;100,0
CC13-112;2021;102,2
CC13-112;2022;110,0
CC13-112;2023;118,2
CC13-1120;2016;92,6
CC13-1120;2017;94,8
CC13-1120;2018;96,8
CC13-1120;2019;98,9
CC13-1120;2020;100,0
CC13-1120;2021;102,2
CC13-1120;2022;110,0
CC13-1120;2023;118,2
CC13-11201;2016;93,0
CC13-11201;2017;95,0
CC13-11201;2018;97,3
CC13-11201;2019;99,7
CC13-11201;2020;100,0
CC13-11201;2021;101,4
CC13-11201;2022;110,1
CC13-11201;2023;117,8
CC13-11202;2016;91,7
CC13-11202;2017;94,5
CC13-11202;2018;95,7
CC13-11202;2019;97,1
CC13-11202;2020;100,0
CC13-11202;2021;104,6
CC13-11202;2022;110,8
CC13-11202;2023;119,7
CC13-11203;2016;94,3
CC13-11203;2017;95,9
CC13-11203;2018;97,3
CC13-11203;2019;98,3
CC13-11203;2020;100,0
CC13-11203;2021;101,3
CC13-11203;2022;103,8
CC13-11203;2023;115,6
CC13-12;2016;94,1
CC13-12;2017;94,3
CC13-12;2018;95,4
CC13-12;2019;97,5
CC13-12;2020;100,0
CC13-12;2021;103,8
CC13-12;2022;106,1
CC13-12;2023;113,0
CC13-121;2016;95,1
CC13-121;2017;95,8
CC13-121;2018;97,2
CC13-121;2019;98,7
CC13-121;2020;100,0
CC13-121;2021;103,2
CC13-121;2022;109,7
CC13-121;2023;119,1
CC13-1211;2016;89,4
CC13-1211;2017;91,2
CC13-1211;2018;93,2
CC13-1211;2019;95,9
CC13-1211;2020;100,0
CC13-1211;2021;104,2
CC13-1211;2022;109,5
CC13-1211;2023;116,8
CC13-12111;2016;88,1
CC13-12111;2017;89,7
CC13-12111;2018;91,7
CC13-12111;2019;94,6
CC13-12111;2020;100,0
CC13-12111;2021;106,0
CC13-12111;2022;112,4
CC13-12111;2023;120,8
CC13-12112;2016;88,8
CC13-12112;2017;90,8
CC13-12112;2018;92,8
CC13-12112;2019;95,4
CC13-12112;2020;100,0
CC13-12112;2021;104,6
CC13-12112;2022;110,4
CC13-12112;2023;118,3
CC13-12113;2016;91,1
CC13-12113;2017;92,8
CC13-12113;2018;94,9
CC13-12113;2019;97,6
CC13-12113;2020;100,0
CC13-12113;2021;102,2
CC13-12113;2022;106,0
CC13-12113;2023;111,5
CC13-1212;2016;104,8
CC13-1212;2017;104,9
CC13-1212;2018;104,5
CC13-1212;2019;99,9
CC13-1212;2020;100,0
CC13-1212;2021;101,1
CC13-1212;2022;104,4
CC13-1212;2023;111,5
CC13-12121;2016;104,8
CC13-12121;2017;104,9
CC13-12121;2018;104,5
CC13-12121;2019;99,9
CC13-12121;2020;100,0
CC13-12121;2021;101,1
CC13-12121;2022;104,4
CC13-12121;2023;111,5
CC13-1213;2016;100,5
CC13-1213;2017;100,1
CC13-1213;2018;100,9
CC13-1213;2019;101,3
CC13-1213;2020;100,0
CC13-1213;2021;102,5
CC13-1213;2022;110,1
CC13-1213;2023;121,6
CC13-12131;2016;100,1
CC13-12131;2017;100,4
CC13-12131;2018;100,6
CC13-12131;2019;99,5
CC13-12131;2020;100,0
CC13-12131;2021;102,6
CC13-12131;2022;106,4
CC13-12131;2023;114,2
CC13-12132;2016;100,5
CC13-12132;2017;100,0
CC13-12132;2018;100,9
CC13-12132;2019;101,4
CC13-12132;2020;100,0
CC13-12132;2021;102,5
CC13-12132;2022;110,5
CC13-12132;2023;122,3
CC13-123;2016;96,6
CC13-123;2017;97,7
CC13-123;2018;97,7
CC13-123;2019;98,8
CC13-123;2020;100,0
CC13-123;2021;102,0
CC13-123;2022;106,6
CC13-123;2023;112,1
CC13-1231;2016;94,9
CC13-1231;2017;96,3
CC13-1231;2018;96,7
CC13-1231;2019;97,8
CC13-1231;2020;100,0
CC13-1231;2021;103,0
CC13-1231;2022;108,9
CC13-1231;2023;114,5
CC13-12311;2016;94,7
CC13-12311;2017;96,2
CC13-12311;2018;96,0
CC13-12311;2019;97,1
CC13-12311;2020;100,0
CC13-12311;2021;104,0
CC13-12311;2022;111,1
CC13-12311;2023;116,6
CC13-12312;2016;97,5
CC13-12312;2017;98,3
CC13-12312;2018;99,2
CC13-12312;2019;100,2
CC13-12312;2020;100,0
CC13-12312;2021;100,6
CC13-12312;2022;103,2
CC13-12312;2023;108,6
CC13-12313;2016;89,0
CC13-12313;2017;92,7
CC13-12313;2018;95,2
CC13-12313;2019;97,7
CC13-12313;2020;100,0
CC13-12313;2021;102,9
CC13-12313;2022;110,4
CC13-12313;2023;120,5
CC13-1232;2016;99,0
CC13-1232;2017;99,6
CC13-1232;2018;99,4
CC13-1232;2019;100,3
CC13-1232;2020;100,0
CC13-1232;2021;100,6
CC13-1232;2022;103,3
CC13-1232;2023;108,4
CC13-12321;2016;98,0
CC13-12321;2017;98,7
CC13-12321;2018;98,9
CC13-12321;2019;100,5
CC13-12321;2020;100,0
CC13-12321;2021;100,2
CC13-12321;2022;102,6
CC13-12321;2023;107,8
CC13-12322;2016;105,8
CC13-12322;2017;105,7
CC13-12322;2018;102,2
CC13-12322;2019;101,2
CC13-12322;2020;100,0
CC13-12322;2021;100,8
CC13-12322;2022;102,6
CC13-12322;2023;106,1
CC13-12329;2016;97,3
CC13-12329;2017;98,1
CC13-12329;2018;98,8
CC13-12329;2019;99,7
CC13-12329;2020;100,0
CC13-12329;2021;101,1
CC13-12329;2022;104,7
CC13-12329;2023;110,4
CC13-124;2016;91,0
CC13-124;2017;87,0
CC13-124;2018;90,2
CC13-124;2019;94,7
CC13-124;2020;100,0
CC13-124;2021;105,5
CC13-124;2022;103,8
CC13-124;2023;114,6
CC13-1240;2016;91,0
CC13-1240;2017;87,0
CC13-1240;2018;90,2
CC13-1240;2019;94,7
CC13-1240;2020;100,0
CC13-1240;2021;105,5
CC13-1240;2022;103,8
CC13-1240;2023;114,6
CC13-12401;2016;90,7
CC13-12401;2017;94,0
CC13-12401;2018;98,0
CC13-12401;2019;99,3
CC13-12401;2020;100,0
CC13-12401;2021;101,7
CC13-12401;2022;105,3
CC13-12401;2023;111,0
CC13-12402;2016;86,3
CC13-12402;2017;86,5
CC13-12402;2018;89,7
CC13-12402;2019;94,5
CC13-12402;2020;100,0
CC13-12402;2021;105,8
CC13-12402;2022;101,8
CC13-12402;2023;111,4
CC13-12403;2016;117,3
CC13-12403;2017;84,7
CC13-12403;2018;87,8
CC13-12403;2019;93,4
CC13-12403;2020;100,0
CC13-12403;2021;106,4
CC13-12403;2022;111,4
CC13-12403;2023;129,8
CC13-125;2016;97,1
CC13-125;2017;98,6
CC13-125;2018;98,1
CC13-125;2019;99,6
CC13-125;2020;100,0
CC13-125;2021;101,4
CC13-125;2022;103,4
CC13-125;2023;107,0
CC13-1252;2016;102,8
CC13-1252;2017;104,1
CC13-1252;2018;103,1
CC13-1252;2019;102,7
CC13-1252;2020;100,0
CC13-1252;2021;97,1
CC13-1252;2022;94,8
CC13-1252;2023;93,0
CC13-12520;2016;102,8
CC13-12520;2017;104,1
CC13-12520;2018;103,1
CC13-12520;2019;102,7
CC13-12520;2020;100,0
CC13-12520;2021;97,1
CC13-12520;2022;94,8
CC13-12520;2023;93,0
CC13-1253;2016;93,0
CC13-1253;2017;95,4
CC13-1253;2018;97,7
CC13-1253;2019;98,6
CC13-1253;2020;100,0
CC13-1253;2021;102,9
CC13-1253;2022;105,2
CC13-1253;2023;107,0
CC13-12532;2016;93,0
CC13-12532;2017;95,4
CC13-12532;2018;97,7
CC13-12532;2019;98,6
CC13-12532;2020;100,0
CC13-12532;2021;102,9
CC13-12532;2022;105,2
CC13-12532;2023;107,0
CC13-1254;2016;99,2
CC13-1254;2017;99,9
CC13-1254;2018;95,9
CC13-1254;2019;99,3
CC13-1254;2020;100,0
CC13-1254;2021;100,6
CC13-1254;2022;102,6
CC13-1254;2023;110,6
CC13-12541;2016;99,2
CC13-12541;2017;100,0
CC13-12541;2018;96,0
CC13-12541;2019;99,3
CC13-12541;2020;100,0
CC13-12541;2021;100,6
CC13-12541;2022;102,5
CC13-12541;2023;110,6
CC13-12542;2016;92,4
CC13-12542;2017;92,9
CC13-12542;2018;94,3
CC13-12542;2019;97,4
CC13-12542;2020;100,0
CC13-12542;2021;102,1
CC13-12542;2022;104,3
CC13-12542;2023;108,8
CC13-1255;2016;99,3
CC13-1255;2017;100,3
CC13-1255;2018;100,8
CC13-1255;2019;100,7
CC13-1255;2020;100,0
CC13-1255;2021;102,0
CC13-1255;2022;105,6
CC13-1255;2023;106,4
CC13-12550;2016;99,3
CC13-12550;2017;100,3
CC13-12550;2018;100,8
CC13-12550;2019;100,7
CC13-12550;2020;100,0
CC13-12550;2021;102,0
CC13-12550;2022;105,6
CC13-12550;2023;106,4
CC13-126;2016;83,7
CC13-126;2017;88,9
CC13-126;2018;92,1
CC13-126;2019;95,7
CC13-126;2020;100,0
CC13-126;2021;104,9
CC13-126;2022;107,9
CC13-126;2023;109,8
CC13-1262;2016;83,7
CC13-1262;2017;88,9
CC13-1262;2018;92,1
CC13-1262;2019;95,7
CC13-1262;2020;100,0
CC13-1262;2021;104,9
CC13-1262;2022;107,9
CC13-1262;2023;109,8
CC13-12621;2016;81,1
CC13-12621;2017;87,7
CC13-12621;2018;91,8
CC13-12621;2019;96,1
CC13-12621;2020;100,0
CC13-12621;2021;104,2
CC13-12621;2022;107,8
CC13-12621;2023;109,8
CC13-12622;2016;91,6
CC13-12622;2017;92,5
CC13-12622;2018;93,5
CC13-12622;2019;94,6
CC13-12622;2020;100,0
CC13-12622;2021;106,7
CC13-12622;2022;108,1
CC13-12622;2023;109,9
CC13-127;2016;95,1
CC13-127;2017;96,5
CC13-127;2018;98,0
CC13-127;2019;99,4
CC13-127;2020;100,0
CC13-127;2021;105,8
CC13-127;2022;108,8
CC13-127;2023;113,2
CC13-1270;2016;95,1
CC13-1270;2017;96,5
CC13-1270;2018;98,0
CC13-1270;2019;99,4
CC13-1270;2020;100,0
CC13-1270;2021;105,8
CC13-1270;2022;108,8
CC13-1270;2023;113,2
CC13-12701;2016;97,9
CC13-12701;2017;98,8
CC13-12701;2018;98,9
CC13-12701;2019;99,2
CC13-12701;2020;100,0
CC13-12701;2021;109,1
CC13-12701;2022;110,2
CC13-12701;2023;111,2
CC13-12702;2016;97,7
CC13-12702;2017;98,3
CC13-12702;2018;99,4
CC13-12702;2019;100,4
CC13-12702;2020;100,0
CC13-12702;2021;109,2
CC13-12702;2022;111,4
CC13-12702;2023;114,4
CC13-12703;2016;92,5
CC13-12703;2017;94,8
CC13-12703;2018;96,7
CC13-12703;2019;98,5
CC13-12703;2020;100,0
CC13-12703;2021;103,0
CC13-12703;2022;107,4
CC13-12703;2023;113,2
CC13-12704;2016;91,8
CC13-12704;2017;93,3
CC13-12704;2018;95,3
CC13-12704;2019;97,2
CC13-12704;2020;100,0
CC13-12704;2021;101,5
CC13-12704;2022;102,7
CC13-12704;2023;109,1